و	C
في	PREP
جميع	N
ال	DET
حالات	N
.	PUNCT
و	C
رغم	N
ال	DET
داء	N
و	C
ال	DET
اعداء	N
.	PUNCT
ترك	VBD
في	PREP
قلوب	N
نا	PRO
الما	N
&	PUNCT
quot	FW
;	PUNCT
محبوس	N
&	PUNCT
quot	FW
;.	PUNCT
سنست	N
ي	PRO
!	PUNCT
دك	N
؟	PUNCT
اشبي	INTEROG
ك	PRO
هزيت	VBD
و	PRO
رجعت	VBD
و	C
من	PREP
ها	PRO
هزيت	VBD
و	C
رجعت	VBD
؟	PUNCT
ال	DET
طفلة	N
كي	PREP
تعيش	VBZ
شباب	N
ها	PRO
ماهيش	NEGCOP
بنت	N
عايلة	N
.	PUNCT
و	C
رغم	N
ال	DET
داء	N
و	C
ال	DET
اعداء	N
.	PUNCT
اي	PART
درجين	N
ب	PREP
ال	DET
عربي	N
ال	DET
فصيح	ADJ
.	PUNCT
تدلت	VBD
ال	DET
فوانيس	N
فشكلت	VBD
اجمل	N
صورة	N
و	C
رسمت	VBD
على	PREP
حيوط	N
ال	DET
قاعة	ADJ
اجمل	N
ايات	N
الله	N
.	PUNCT
ال	DET
قيمة	N
،	PUNCT
ارجع	VBD
ي	PRO
ل	PREP
كتاب	N
راس	N
ال	DET
مال	N
!	PUNCT
والا	PART
تحبوا	VBZ
تعطي	VBZ
ل	PREP
سيد	N
ي	PRO
ب	PREP
وزيد	N
ميزانية	N
كاكتيس	N
؟	PUNCT
يستقبلو	VBZ
ه	PRO
ب	PREP
ال	DET
حملة	N
و	C
ال	DET
هلالو	N
.	PUNCT
هناك	ADV
خونة	N
و	C
اول	N
هم	PRO
ال	DET
رياحي	N
و	C
طبيب	N
ال	DET
فريق	N
و	C
ال	DET
معد	N
ال	DET
بدني	ADJ
و	C
ال	DET
ثابتي	ADJ
و	C
و	C
و	C
.	PUNCT
و	C
مشاوا	VBD
.	PUNCT
و	C
في	PREP
ال	DET
سيزيام	N
نرمييو	VBZ
ل	PREP
ها	PRO
و	C
في	PREP
ال	DET
نوفيام	N
نرمييو	VBZ
ل	PREP
ها	PRO
.	PUNCT
تعب	N
وراء	N
ال	DET
علوم	N
لاهثا	N
.	PUNCT
فقالوا	VBD
:«	PUNCT
یا	PART
سید	N
نا	PRO
ذمی	N
».	PUNCT
ما	NEG
اتنجمش	VBZ
حتى	N
اتسافر	VBZ
.	PUNCT
و	C
ال	DET
وديل	N
متع	GEN
ال	N
صور	N
.	PUNCT
اتبهذلو	VBZ
ني	PRO
وسط	N
ال	DET
جموع	N
.	PUNCT
شوفو	VBD
ال	DET
كياسات	N
كي	PREP
ولات	VBD
في	PREP
عهد	N
ال	DET
تحول	N
.	PUNCT
عجب	N
يا	PART
سي	N
كمال	N
.	PUNCT
و	C
اللي	REL
م	NEG
نجم	VBD
ش	NEG
يحرق	VBZ
مرحبا	ADV
بي	PREP
ه	PRO
.	PUNCT
قلت	VBD
صلى	VBD
الله	N
علي	PREP
ه	PRO
و	C
سلم	VBD
.	PUNCT
ب	PREP
ال	DET
تفرفيش	N
و	C
ال	DET
طلامس	N
و	C
ال	DET
تبقشيش	N
.	PUNCT
نرى	VBZ
في	PREP
ها	PRO
ال	DET
مراة	N
ال	DET
صالحة	ADJ
و	C
ال	DET
تقية	ADJ
اللي	REL
تفهم	VBZ
دين	N
ها	PRO
و	C
ما	NEG
تطيح	VBZ
ش	NEG
في	PREP
ال	DET
خطيءة	N
.	PUNCT
سارق	N
كل	N
ها	PRO
شربة	N
.	PUNCT
انتم	PRO
مثقفون	ADJ
و	C
مجازون	ADJ
و	C
تفعلون	VBZ
ذلك	DEM
ب	N
انفس	
كم	PRO
.	PUNCT
و	C
شيء	N
يقول	VBZ
و	PRO
ملقحين	N
و	PRO
.	PUNCT
ال	DET
داهما	N
:	PUNCT
برا	ADV
هاهوكا	N
في	PREP
ال	DET
بيت	N
كنت	VBD
انا	PRO
نسيرج	VBZ
بي	PREP
ه	PRO
.	PUNCT
ال	DET
طراجي	N
.	PUNCT
و	C
ال	DET
نتيجة	N
:	PUNCT
نمشيو	VBZ
احنا	PRO
في	PREP
ال	DET
ساقين	N
.	PUNCT
ال	DET
فريسة	N
متع	GEN
ديد	N
ي	PRO
ال	DET
جديدة	ADJ
تستنى	VBZ
من	PREP
و	PRO
في	PREP
دينار	N
.	PUNCT
كاين	N
و	PRO
ال	DET
سذاجة	N
و	C
ال	DET
تخلف	N
ال	DET
ذهني	ADJ
هو	PRO
من	PREP
شروط	N
ال	DET
ديمقراطية	N
.	PUNCT
و	C
حلو	VBD
ه	PRO
.	PUNCT
ش	N
&	PUNCT
quot	FW
;	PUNCT
م	PREP
Publié	FW
par	FW
Clandestino	FW
à	FW
l	FW
&#	PUNCT
x	FW
88	PUNCT
;	PUNCT
adresse	FW
88	PUNCT
:	PUNCT
88	PUNCT
88	PUNCT
commentaires	FW
Libellés	FW
:	PUNCT
tunisie	FW
,	PUNCT
ال	DET
روتين	N
ال	DET
يومي	ADJ
ادارة	N
تونسية	ADJ
,	PUNCT
صحة	N
عمومية	ADJ
,	PUNCT
عجز	N
جنسي	ADJ
مزمن	ADJ
,	PUNCT
ميزيريا	N
كلبة	ADJ
.	PUNCT
Liens	FW
vers	FW
ce	FW
message	FW
ملا	PART
تلوث	N
.	PUNCT
الي	REL
موش	NEG
امصدق	ADJ
ال	DET
ايام	N
بينات	N
نا	PRO
.	PUNCT
ترى	VBZ
برى	ADV
اعمل	VBD
طلة	N
على	PREP
ال	DET
عرق	N
هذاك	DEM
.	PUNCT
في	PREP
ال	N
طبرطيع	N
متاع	GEN
و	PRO
.	PUNCT
و	C
وحد	VBD
صفوف	N
شباب	N
نا	PRO
.	PUNCT
ل	PREP
ل	DET
انتماء	N
ل	PREP
ل	DET
ترجي	N
!	PUNCT
دخلت	VBD
ال	DET
بيت	N
متاع	GEN
ها	PRO
و	C
سكرت	VBD
على	PREP
روح	N
ها	PRO
و	C
حتى	N
ال	DET
نشدة	N
ما	NEG
نشدت	VBD
ش	NEG
على	PREP
بابا	N
كي	PREP
ال	DET
عادة	N
.	PUNCT
ان	C
و	
لا	NEG
يصلح	VBZ
و	C
لا	NEG
يصلح	VBZ
.	PUNCT
ياسيدي	N
ما	NEG
نطول	VBZ
ش	NEG
علي	PREP
كم	PRO
.	PUNCT
و	C
ال	DET
اعادة	N
متع	GEN
ماتش	N
بني	N
خلاد	N
و	C
قصان	N
ال	DET
ضو	N
متاع	GEN
ماتش	N
حمام	N
ال	DET
انف	N
.	PUNCT
يزي	VBZ
ما	NEG
هزيت	VBD
و	C
نفضت	VBD
،	PUNCT
انا	PRO
تونسي	ADJ
انتفضت	VBD
،	PUNCT
و	C
ما	NEG
تقول	VBZ
ش	NEG
تفضت	VBD
و	C
ما	NEG
تقول	VBZ
ش	NEG
فهمت	VBD
نا	PRO
».	PUNCT
باش	PART
تعطي	VBZ
ك	PRO
هدية	N
.	PUNCT
ف	C
ب	PREP
حيث	N
ما	NEG
غلط	VBD
ش	NEG
اللي	REL
قال	VBD
بطولات	N
نا	PRO
بوديوم	N
و	C
ال	DET
مرتبة	N
ل	DET
ولة	ADJ
وبوطولات	N
كم	PRO
كي	PREP
تربحوا	VBZ
ال	DET
ترجي	N
.	PUNCT
هاي	DEM
بعثت	VBD
ل	PREP
سيد	N
ي	PRO
ب	N
وزيد	N
88	PUNCT
مليار	N
اش	INTEROG
تحبوا	VBZ
اكثر	ADJ
من	PREP
هكا	N
؟	PUNCT
لا	NEG
شفاءا	N
لا	NEG
تفرهيد	N
.	PUNCT
باش	PART
نستنا	VBZ
ك	PRO
ما	NEG
ني	PRO
ش	NEG
مروح	N
كان	N
ما	PART
تخرج	VBZ
.	PUNCT
ما	PART
هو	PRO
ال	DET
ريس	N
علم	VBD
و	PRO
ال	DET
سفير	N
ال	DET
امريكي	ADJ
ال	DET
لعبة	N
هذه	DEM
.	PUNCT
و	C
ل	PREP
يوم	N
&	PUNCT
quot	FW
;	PUNCT
khouk	FW
,	PUNCT
hel	FW
8	PUNCT
alem	FW
baddalni	FW
khanwalli	FW
ghney	FW
w	FW
moughenni	FW
hani	FW
ma	FW
88adt	PUNCT
ken	FW
net8allem	PUNCT
seket	FW
lezemni	FW
netkallem	FW
dima	FW
ykassrouli	FW
fi	FW
rasi	FW
w	FW
8	PUNCT
atta	FW
jari	FW
echmen	FW
kazi	FW
li	FW
yt	FW
8	PUNCT
allem	FW
jomla	FW
yji	FW
yfazi	FW
enn	FW
8ess	PUNCT
fi	FW
ro8i	PUNCT
dephasé	FW
.	PUNCT
خو	N
ك	PRO
ه	DEM
ل	DET
عالم	N
بدل	VBD
ني	PRO
.	PUNCT
خنو	VBD
ل	PREP
ي	PRO
غني	ADJ
و	C
مغني	ADJ
.	PUNCT
هاني	EMPH
ما	NEG
قعدت	VBD
كان	PART
نتعلم	VBZ
.	PUNCT
ساكت	VBD
لازم	N
ني	PRO
ننتكلم	VBZ
.	PUNCT
ديما	ADV
يكاسرو	VBZ
ل	PREP
ي	PRO
في	PREP
راس	N
ي	PRO
.	PUNCT
و	C
حتى	N
جار	N
ي	PRO
اش	INTEROG
من	PREP
كازي	N
.	PUNCT
الي	REL
يتعلم	VBZ
جملة	N
يجي	VBZ
يفازي	VBZ
.	PUNCT
انحس	VBZ
في	PREP
روح	N
ي	PRO
ديفاز	N
ي	PRO
.	PUNCT
ey	FW
ey	FW
ey	FW
.	PUNCT
صور	N
ال	DET
صين	N
بين	N
ي	PRO
و	C
بين	N
و	PRO
.	PUNCT
قال	VBD
ك	PRO
تظامن	VBD
مع	PREP
سيد	N
ي	PRO
ب	N
وزيد	N
،	PUNCT
اشبي	INTEROG
ها	PRO
سيد	N
ي	PRO
ب	N
وزيد	N
هز	VBD
ها	PRO
ال	DET
واد	N
و	C
الا	C
ال	DET
قياضنات	N
؟	PUNCT
ليلة	N
من	PREP
ال	DET
ليالي	N
،	PUNCT
و	C
هوما	PRO
راقدين	ADJ
.	PUNCT
ال	DET
سياسة	N
و	C
ال	DET
كورة	N
.	PUNCT
مالا	PART
كيفاش	INTEROG
يتباع	VBZ
؟	PUNCT
ال	DET
حكاية	N
احبو	VBD
اخلو	VBD
ال	DET
شباب	N
ادور	N
في	PREP
ال	DET
فارع	N
في	PREP
شيعة	N
و	C
سنة	N
.	PUNCT
تجربة	N
افكار	N
جديدة	ADJ
تدفع	VBZ
الى	PREP
نماذج	N
من	PREP
ال	DET
سلوك	N
ال	DET
جديدة	ADJ
و	C
يقصد	VBZ
وايتهد	N
ب	PREP
ال	DET
مغامرات	N
ال	DET
فكرية	ADJ
ال	DET
افكار	N
اللي	REL
تسبق	VBZ
ال	DET
حوادث	N
و	C
تطلب	VBZ
ان	PART
تتحقق	VBZ
.	PUNCT
يرفضو	VBZ
ه	PRO
ديراكت	N
.	PUNCT
جابوا	VBD
ل	PREP
هم	PRO
غسلوا	VBD
و	C
جو	N
هم	PRO
؟	PUNCT
يحل	VBZ
ها	PRO
.	PUNCT
و	C
تحضرو	VBZ
و	C
تقعد	VBZ
تستنى	VBZ
ال	DET
فترة	N
ال	DET
مناسبة	ADJ
(	PUNCT
اي	PART
قصف	N
اسراءيلي	ADJ
و	C
الا	C
مجزرة	N
امريكية	ADJ
في	PREP
ال	DET
عراق	N
اي	PART
ان	PART
ك	PRO
ب	PREP
قدرة	N
رب	N
ي	PRO
ماكش	NEGCOP
باش	PART
تستنى	VBZ
برشة	ADV
)	PUNCT
باش	PART
تلانصي	VBZ
ال	DET
غناية	N
و	C
تولي	VBZ
ال	DET
اولى	N
في	PREP
ال	DET
بث	N
.	PUNCT
و	C
انزيد	VBZ
انقول	VBZ
ل	PREP
لي	REL
يحب	VBZ
يتجاهل	VBZ
ال	DET
حكاية	N
هاذية	DEM
.	PUNCT
تعداد	N
سکان	N
ها	PRO
عام	N
8888	PUNCT
بلغ	N
888الفا	PUNCT
نسبة	N
ال	DET
عرب	N
في	PREP
ها	PRO
88	PUNCT
%.	PUNCT
كبر	N
ال	DET
بطن	N
و	C
فراغ	N
ال	DET
راس	N
.	PUNCT
داخلين	ADJ
ب	PREP
ال	DET
ربح	N
!	PUNCT
ال	DET
مرا	N
ال	DET
متعدية	ADJ
يقيسو	VBZ
ها	PRO
طول	N
و	C
عرض	N
.	PUNCT
توة	ADV
كل	N
مسءول	N
و	C
لا	NEG
و	PRO
عيني	N
ه	PRO
على	PREP
اكتاف	N
و	
.	PUNCT
لهنا	ADV
نحب	VBZ
نستحضر	VBZ
كلمات	N
كان	PART
قال	VBD
هم	PRO
بيق	N
تراپ	N
بو	N
ي	PRO
و	C
الي	REL
صراحة	N
تلخص	VBZ
ال	DET
وضع	N
ال	DET
كل	N
:&	PUNCT
quot	FW
;	PUNCT
ممكن	N
ان	N
اتف	VBZ
هم	PRO
انزعاج	N
بعض	N
&	PUNCT
quot	FW
;	PUNCT
ال	DET
محافظين	N
&	PUNCT
quot	FW
;	PUNCT
من	PREP
برامج	N
قناة	N
نسمة	N
،	PUNCT
ولكن	C
و	C
صف	N
ها	PRO
ب	PREP
ال	DET
صهيونية	N
فرد	N
مرة	N
ظاهر	ADJ
ل	PREP
ي	PRO
مبالغ	N
في	PREP
ه	PRO
شوية	ADJ
.	PUNCT
باش	PART
ما	NEG
نقول	VBZ
ش	NEG
حاجة	N
اخرى	N
،	PUNCT
ال	DET
مرة	N
ال	DET
جاية	ADJ
الي	REL
باش	PART
يحل	VBZ
كعبة	N
دلاع	N
يلقا	VBZ
ها	PRO
ماسطة	N
باش	PART
يعمل	VBZ
ل	PREP
نا	PRO
جروب	N
على	PREP
فايسبوك	N
و	C
يدعو	VBZ
ل	PREP
ل	DET
قضاء	N
على	PREP
ال	DET
دلاع	N
ال	DET
صهيوني	N
.	PUNCT
لم	NEG
ينتب	VBZ
ه	PRO
احد	N
او	C
يتساءل	VBZ
.	PUNCT
براف	VBD
و	PRO
مقداد	N
.	PUNCT
كيما	PART
هاك	DEM
ال	DET
وليدات	N
اللي	REL
خلاو	VBD
هم	PRO
و	C
ال	DET
ديهم	N
في	PREP
ال	DET
غابة	N
,	PUNCT
و	C
هربو	VBD
علي	PREP
هم	PRO
,	PUNCT
قعدو	VBD
&	PUNCT
quot	FW
;	PUNCT
لا	NEG
دار	N
و	C
لا	NEG
دوار	N
&	PUNCT
quot	FW
;	PUNCT
,	PUNCT
لا	NEG
اصل	N
لا	NEG
مفصل	N
,	PUNCT
لا	NEG
ساس	N
لا	NEG
مرجعيات	N
.	PUNCT
و	C
بدى	N
كل	N
واحد	N
اوشوشل	VBD
و	PRO
في	PREP
وذن	N
و	PRO
.	PUNCT
حتى	N
تكون	VBZ
ال	DET
جمعية	N
ال	DET
رياضية	ADJ
هاذي	DEM
.	PUNCT
اشنوه	INTEROG
ال	DET
ملك	N
امتاع	GEN
ال	DET
ملك	N
؟	PUNCT
بابا	N
.	PUNCT
ال	DET
مرفقات	N
:	PUNCT
ش	N
/	PUNCT
ط	N
.	PUNCT
و	C
من	PREP
بعد	N
قالت	VBD
:	PUNCT
-	PUNCT
ما	NEG
تقعد	VBZ
ش	NEG
ماشي	N
جاي	N
،	PUNCT
هك	EMPH
اتنرفزن	VBZ
ي	PRO
!	PUNCT
ياخذوا	VBZ
في	PREP
فلوس	N
ب	PREP
دون	N
جهد	N
ولا	C
تضحية	N
.	PUNCT
ال	DET
داهما	N
و	C
هو	PRO
يضحك	N
:	PUNCT
علاش	INTEROG
ما	NEG
عمر	N
ك	PRO
ما	NEG
شوفت	VBD
ني	PRO
متكستم	ADJ
؟	PUNCT
بيره	N
غارق	N
ياسر	VBZ
،	PUNCT
عالم	N
ال	DET
دموع	N
!	PUNCT
و	C
من	PREP
ها	PRO
رجال	N
باب	N
سويقة	N
بعثوا	VBD
مرسول	N
ل	PREP
رجال	N
باب	N
جديد	ADJ
.	PUNCT
ثقافة	N
معوجة	ADJ
ما	NEG
اتخرج	N
كان	PART
ناس	N
امعوجة	ADJ
و	C
دكتاتورين	N
قبل	N
ما	PART
اكون	VBD
و	PRO
دكاترة	N
!	PUNCT
و	C
من	PREP
اراد	N
من	PREP
كم	PRO
طريق	N
ال	DET
حق	N
و	C
ال	DET
شهامة	N
و	C
ال	DET
رجولة	N
.	PUNCT
ما	PART
و	PRO
قل	VBD
ي	PRO
حنبعل	N
ايعيش	VBZ
بنت	N
ي	PRO
.	PUNCT
زينب	N
فراشة	N
في	PREP
شكل	N
انسان	N
.	PUNCT
قلت	VBD
استغفر	VBD
الله	N
.	PUNCT
و	C
حبست	VBD
ال	DET
حرب	N
جا	N
لوخيتو	N
و	PRO
ال	DET
صغيرة	ADJ
ال	DET
كويت	N
قال	VBD
ها	PRO
كاسك	N
ي	PRO
حق	N
ال	DET
دم	N
88	PUNCT
مليار	N
دولار	N
برك	ADV
.	PUNCT
ممكن	N
نجموا	VBZ
ناخذو	VBZ
في	PREP
ال	DET
سياق	N
هذا	DEM
قول	N
برتراند	N
فرج	VBD
ل	PREP
ي	PRO
.	PUNCT
&	PUNCT
lt	FW
;	PUNCT
p	FW
&	PUNCT
gt	FW
;	PUNCT
نفت	VBD
وزارة	N
ال	DET
خارجية	N
وجود	N
طلب	N
رسمي	ADJ
جزاءري	ADJ
ل	PREP
استرجاع	N
مدفع	N
بابا	N
مرزوق	N
من	PREP
فرنسا	N
،	PUNCT
على	PREP
عكس	N
ما	PART
صرحت	VBD
ب	PREP
ه	PRO
.	PUNCT
&	PUNCT
lt	FW
;	PUNCT
p	FW
&	PUNCT
gt	FW
;	PUNCT
مستشارة	N
ب	PREP
وزارة	N
ال	DET
دفاع	N
ال	DET
فرنسية	ADJ
ال	DET
جمعة	N
ال	DET
ماضي	ADJ
.	PUNCT
شكرا	N
على	PREP
غجتهاد	N
ك	PRO
و	C
ال	DET
قليب	N
متاع	GEN
ك	PRO
الي	REL
ظاهر	N
تعدى	N
ل	PREP
اولاد	N
ك	PRO
.	PUNCT
ال	DET
يوم	N
ريت	VBD
قرينتا	N
و	C
رجال	N
على	PREP
ال	DET
ميدان	N
براف	N
و	PRO
ال	DET
ملاعبية	ADJ
.	PUNCT
اقوى	N
نكتة	N
مهبطين	N
ها	PRO
ايتام	N
شيبوب	N
من	PREP
تصر	N
ال	DET
وحيشي	ADJ
يتصل	VBZ
ب	PREP
مجد	N
ي	PRO
ال	DET
تراوي	ADJ
ل	PREP
انتداب	N
ه	PRO
و	C
ال	DET
اعب	N
موافق	N
ناقصين	N
موعاقين	ADJ
هع	N
هع	N
هع	N
.	PUNCT
ال	DET
حب	N
كل	N
و	PRO
.	PUNCT
مربوحة	N
انشاء	VBD
الله	N
.	PUNCT
تي	PART
ع	PREP
ال	DET
اقل	N
نفرحو	VBZ
في	PREP
ال	DET
هوند	N
.	PUNCT
ب	PREP
ال	DET
له	N
بارس	N
ام	N
ك	PRO
يا	PART
ادمين	N
سيب	N
علي	PREP
نا	PRO
باش	PART
اهز	VBD
ب	PREP
ال	DET
قصداوي	N
ولا	C
بازيكال	N
او	C
ماسي	VBD
ل	PREP
و	PRO
ب	PREP
ال	DET
يعقوبي	N
تيري	VBZ
الي	REL
يتعزز	VBZ
علي	PREP
نا	PRO
ب	PREP
ال	DET
بيرو	N
ال	DET
مزيان	N
الي	REL
هرب	N
علي	PREP
نا	PRO
ال	DET
جوارات	N
فرنسيس	ADJ
سايدو	N
تاغوي	N
.	PUNCT
كما	PART
ان	PART
ال	DET
ملعب	N
سيستقبل	VBZ
اكثر	ADJ
من	PREP
طاقة	N
استعاب	N
ه	PRO
غدا	ADV
.	PUNCT
ال	DET
حاكم	N
انسا	VBD
ه	PRO
!	PUNCT
نمشيو	VBZ
نتنازل	VBD
و	PRO
على	PREP
ال	DET
وطنية	N
ب	PREP
ال	DET
سهولة	N
هاذية	DEM
.	PUNCT
هي	PRO
رب	N
ي	PRO
معا	PREP
ك	PRO
و	C
سايس	VBD
روح	N
ك	PRO
يا	PART
خو	N
يا	PRO
.	PUNCT
&	PUNCT
lt	FW
;	PUNCT
p	FW
&	PUNCT
gt	FW
;	PUNCT
ال	DET
نظرية	N
هاذي	DEM
ال	DET
فرنسيس	N
ردو	VBD
ها	PRO
ل	PREP
نا	PRO
حاجة	N
كبيرة	ADJ
،	PUNCT
و	C
هي	PRO
كيف	PART
نجيو	VBZ
نشوفو	VBZ
حكاية	N
فارغة	ADJ
.	PUNCT
عداو	VBD
ها	PRO
بي	PREP
ها	PRO
على	PREP
ال	DET
امريكان	N
و	C
برشة	ADJ
بلدان	N
اخرى	ADJ
اللي	REL
خذات	VBD
بي	PREP
ها	PRO
في	PREP
تنظيم	N
ال	DET
سلطة	N
متاع	GEN
ها	PRO
،	PUNCT
غفلو	VBD
هم	PRO
مساكن	N
و	C
قعدو	VBD
يعايرو	VBZ
في	PREP
هم	PRO
على	PREP
مدى	N
ال	DET
دهر	N
،	PUNCT
قال	VBD
اشنوة	INTEROG
نحنا	PRO
علمنا	VBD
كم	PRO
ال	DET
حرية	N
و	C
ال	DET
ديموقراطية	N
.	PUNCT
في	PREP
ساءر	N
ال	DET
ايام	N
يخدم	VBZ
صانع	N
شيشة	N
في	PREP
ال	DET
قهوة	N
.	PUNCT
هزو	VBD
ه	PRO
مقابل	N
ه	PRO
ل	PREP
ل	DET
حبس	N
.	PUNCT
و	C
انا	PRO
تعرفو	VBZ
ني	PRO
ما	NEG
نخاف	VBZ
من	PREP
حد	N
.	PUNCT
تحرك	N
و	PRO
حسسو	VBD
نا	PRO
ان	PART
كم	PRO
تخافوا	VBZ
علي	PREP
مصلحة	N
ال	DET
فريق	N
.	PUNCT
في	PREP
صدر	N
و	PRO
باش	PART
ما	NEG
ايطلع	VBZ
ش	NEG
ال	DET
عصى	N
.	PUNCT
في	PREP
ال	DET
اثناء	N
.	PUNCT
حتى	N
من	PREP
ال	DET
ياسمين	N
ما	NEG
سلم	VBD
ش	NEG
.	PUNCT
برة	ADV
انسكتو	VBZ
هم	PRO
ب	PREP
ل	DET
قيب	N
.	PUNCT
رجال	N
باب	N
جديد	ADJ
ما	NEG
عجبت	VBD
هم	PRO
ش	NEG
ال	DET
تصرفات	N
هاذي	DEM
.	PUNCT
تست	N
.	PUNCT
هي	PRO
وسيطة	N
هوى	N
خلات	VBD
ال	DET
بطل	N
&	PUNCT
quot	FW
;	PUNCT
ال	DET
هاشمي	N
&	PUNCT
quot	FW
;	PUNCT
يعرف	VBZ
تجربت	N
و	PRO
ال	DET
جنسية	ADJ
ال	DET
اولى	ADJ
مع	PREP
&	PUNCT
quot	FW
;	PUNCT
امينة	N
&	PUNCT
quot	FW
;	PUNCT
.	PUNCT
ثم	EXT
حتى	N
برشة	ADJ
فلوس	N
ايطيح	VBZ
في	PREP
ال	DET
قاعة	N
باش	PART
تبدى	VBZ
ال	DET
رجال	N
اتبربش	N
في	PREP
ها	PRO
ك	PART
ال	DET
دجاج	N
.	PUNCT
صفر	N
و	PRO
معا	PREP
نا	PRO
في	PREP
ال	DET
قيراج	N
و	C
ال	DET
بيلوز	N
.	PUNCT
و	C
في	PREP
اذن	N
ي	PRO
ب	PREP
مشاكل	N
ها	PRO
هامسا	ADJ
.	PUNCT
و	C
ال	DET
سواحلية	N
فاهمين	ADJ
ال	DET
لعبة	N
.	PUNCT
و	C
اللي	REL
عملت	VBD
ال	DET
حنة	N
نرمييو	VBZ
ل	PREP
ها	PRO
و	C
اللي	REL
عرست	VBD
نرمييو	VBZ
ل	PREP
ها	PRO
.	PUNCT
بابا	N
ما	NEG
عمر	N
و	PRO
ما	NEG
عطا	VBD
ني	PRO
مصروف	N
ي	PRO
و	C
الا	C
قال	VBD
برا	ADV
ولد	N
ي	PRO
ما	NEG
ك	PRO
تقرا	VBZ
بعيد	ADV
،	PUNCT
شد	VBD
باش	PART
تشري	VBZ
فطور	N
ك	PRO
.	PUNCT
و	C
انا	PRO
نهار	N
كامل	ADJ
مشنقل	ADJ
في	PREP
ال	DET
كار	N
ال	DET
صفراء	ADJ
،	PUNCT
و	C
ساق	N
في	PREP
ال	DET
كار	N
و	C
ساق	N
في	PREP
ال	DET
هواء	N
ال	DET
برا	ADJ
.	PUNCT
و	C
كان	VBD
لبست	VBD
حاجة	N
زبورة	ADJ
نوصل	VBZ
بي	PREP
ها	PRO
مهنتلة	N
ل	PREP
ل	DET
فاك	N
.	PUNCT
و	C
نمشي	VBZ
في	PREP
ال	DET
ظلام	N
و	C
نروح	VBZ
في	PREP
ال	DET
ظلام	N
.	PUNCT
و	C
هاذاكا	DEM
ال	DET
كل	N
و	C
مشكلة	N
ام	N
ي	PRO
نحب	VBZ
ها	PRO
تطلق	VBZ
من	PREP
بابا	N
و	C
نخرج	VBZ
نكري	VBZ
انا	PRO
ويا	PREP
ها	PRO
وحد	ADV
نا	PRO
.	PUNCT
وقت	N
اللي	REL
فكر	VBD
ه	PRO
اتجي	VBZ
ك	PRO
انت	PRO
ل	PREP
ولان	N
ي	PRO
،	PUNCT
ما	NEG
ك	PRO
اتسجل	VBZ
ها	PRO
:	PUNCT
تولى	VBZ
ملك	N
ك	PRO
!	PUNCT
مور	VBD
و	PRO
:	PUNCT
هاني	EMPH
نسايس	VBZ
في	PREP
ك	PRO
كيما	PART
وصا	VBD
ني	PRO
مهدي	N
.	PUNCT
و	C
لكن	C
ه	PRO
هجوميا	N
قادر	ADJ
على	PREP
ال	DET
اضافة	N
.	PUNCT
راهي	EMPH
قات	VBD
ل	PREP
ي	PRO
الي	REL
هي	PRO
من	PREP
سلالة	N
محمد	N
رسول	N
الله	N
.	PUNCT
ال	DET
سلطان	N
ب	PREP
يد	N
و	PRO
.	PUNCT
ف	C
حرام	N
علي	PREP
كم	PRO
ان	N
تحشرو	VBZ
ه	PRO
في	PREP
ال	DET
نفاق	N
و	C
ال	DET
كذب	N
و	C
ال	DET
اخلاق	N
ال	DET
عادما	ADJ
.	PUNCT
فيق	VBD
و	C
بديت	VBD
نظرب	VBZ
في	PREP
ه	PRO
على	PREP
وجه	N
و	PRO
.	PUNCT
ل	PREP
ان	PART
ي	PRO
احب	VBZ
هم	PRO
يا	PART
حبيب	N
ي	PRO
ال	DET
منتدى	ADJ
.	PUNCT
لازم	N
نلقا	VBZ
ها	PRO
!	PUNCT
ب	PREP
ال	DET
له	N
و	C
غدوة	ADJ
كي	PREP
ولي	VBD
اعيط	VBD
ل	PREP
و	PRO
رءيس	N
جمعيت	N
و	PRO
le	FW
vieux	FW
اش	INTEROG
يعمل	VBZ
.	PUNCT
توة	ADV
كل	N
مسءول	N
ولاو	VBD
عيني	N
ه	PRO
على	PREP
اكتاف	N
و	PRO
.	PUNCT
ال	DET
داهما	N
:	PUNCT
برا	VBD
هاهوكا	N
في	PREP
ال	DET
بيت	N
كنت	VBD
انا	PRO
نسيرج	VBZ
بي	PREP
ه	PRO
.	PUNCT
ب	PREP
ال	DET
تفرفيش	N
و	C
ال	DET
طلامس	N
و	C
ال	DET
تبقشيش	N
.	PUNCT
و	C
كلفو	VBD
ني	PRO
ب	PREP
ملف	N
ال	DET
حكم	N
ال	DET
مسعي	ADJ
.	PUNCT
و	C
في	PREP
حركت	N
هم	PRO
الي	REL
ما	NEG
اتنجم	VBZ
اتكون	VBZ
كان	VBD
تحت	N
اسم	N
.	PUNCT
و	C
علاش	INTEROG
لا	NEG
طرح	N
ها	PRO
ل	PREP
ل	DET
نقاش	N
في	PREP
ال	DET
برلمان	N
ل	PREP
ان	PART
و	PRO
حاليا	ADV
مافماش	EXT
غير	N
ال	DET
برلمان	N
ب	PREP
ال	DET
اطياف	N
ال	DET
سياسية	ADJ
اللي	REL
تمثلو	VBZ
ينجم	VBZ
يجزم	VBZ
في	PREP
قضية	N
&	PUNCT
quot	FW
;	PUNCT
تركري	VBZ
ك	PRO
ال	DET
هريسة	N
&	PUNCT
quot	FW
;	PUNCT
في	PREP
سلاطة	N
ال	DET
بلانكيت	ADJ
.	PUNCT
مدير	N
منتدى	N
جماهير	N
ال	DET
افريقي	ADJ
.	PUNCT
قات	N
ل	PREP
و	PRO
ما	N
كنت	VBD
لااس	ADJ
علي	PREP
ك	PRO
و	C
كنا	N
في	PREP
خير	N
.	PUNCT
قرب	VBD
ل	PREP
ي	PRO
و	C
قال	VBD
ي	PRO
:	PUNCT
من	PREP
خص	N
ال	DET
قرد	N
كان	VBD
سروال	N
.	PUNCT
و	C
امام	N
جهل	N
ي	PRO
ب	PREP
ميدان	N
ها	PRO
.	PUNCT
عجب	VBD
و	C
هكة	PART
يا	PART
سي	N
كمال	N
.	PUNCT
داخلة	N
في	PREP
منظومة	N
مقاومة	N
ال	DET
احتلال	N
.	PUNCT
فما	EXT
علي	PREP
ه	PRO
الا	C
ل	PREP
اسياد	N
ه	PRO
و	C
ب	PREP
راس	N
ه	PRO
مطءطءا	N
و	C
منعما	N
.	PUNCT
ل	PREP
ان	PART
كل	N
من	PREP
اتم	N
تعليم	N
ه	PRO
يكتف	VBZ
يدي	N
ه	PRO
معولا	ADV
على	PREP
ال	DET
دولة	N
ل	PREP
تشغيل	N
ه	PRO
.	PUNCT
هاني	EMPH
بركت	VBD
في	PREP
تونس	N
توة	ADV
,	PUNCT
طلقت	VBD
ني	PRO
ال	DET
مرا	N
و	C
بعثت	VBD
ني	PRO
-	PUNCT
يا	PART
و	C
ال	DET
له	N
حال	N
.	PUNCT
انعم	VBZ
و	C
انجيب	VBZ
ل	PREP
ك	PRO
خمسين	N
مثال	N
و	C
مثال	N
.	PUNCT
ب	PREP
رجولية	N
اللي	REL
يحب	VBZ
ياخذ	VBZ
ياخذ	VBZ
باسات	VBD
مازوط	N
تي	N
دي	N
اي	PART
.	PUNCT
ااترج	N
ي	PRO
تفوت	VBZ
كم	PRO
ب	PREP
ياسر	N
ياسر	N
.	PUNCT
ال	DET
تدوين	N
جعل	VBD
هذا	DEM
ال	DET
عاالم	N
مفتوحا	ADJ
ل	PREP
ل	DET
جميع	N
و	C
امكن	VBD
ب	PREP
لوحة	N
مفاتيح	N
ان	PART
تحل	N
بلوغ	ADJ
.	PUNCT
خير	N
هو	PRO
ال	DET
واحد	N
اولي	VBD
عينت	VBD
و	PRO
بيضاء	ADJ
جملة	ADV
.	PUNCT
اخرى	N
.	PUNCT
هتلر	N
المانيا	ADJ
و	C
هتلرات	VBD
ال	DET
عالم	N
ال	DET
ثالث	ADJ
.	PUNCT
rencontre	FW
du	FW
8	PUNCT
ème	FW
type	FW
.	PUNCT
على	PREP
هامش	N
مسرحية	N
متوسطة	ADJ
.	PUNCT
عودة	N
من	PREP
جديد	N
.	PUNCT
►	PUNCT
octobre	FW
(	PUNCT
8	PUNCT
)	PUNCT
.	PUNCT
في	PREP
ال	DET
بوسطة	N
.	PUNCT
►	PUNCT
septembre	FW
(	PUNCT
8	PUNCT
)	PUNCT
.	PUNCT
ال	DET
اعلان	N
ال	DET
عالمي	ADJ
ل	PREP
حقوق	N
ال	DET
انسان	N
.	PUNCT
►	PUNCT
août	FW
(	PUNCT
8	PUNCT
)	PUNCT
.	PUNCT
Belle	FW
et	FW
Sebastian	FW
-	PUNCT
le	FW
pastie	FW
de	FW
la	FW
bourgeoisie	FW
.	PUNCT
اغنية	N
ل	PREP
كل	N
مستمع	N
.	PUNCT
Air	FW
-	PUNCT
Femme	FW
d	FW
&#	PUNCT
x	FW
88	PUNCT
;	PUNCT
argent	FW
.	PUNCT
ب	PREP
ربي	N
سيبو	VBD
هم	PRO
عواشر	N
و	C
رمضان	N
.	PUNCT
مع	N
ال	DET
اسف	N
تمر	VBZ
جانبية	N
اه	N
ل	PREP
حسن	N
ال	DET
حظ	N
و	C
ال	DET
حمد	N
ل	PREP
له	N
مرت	N
جا	VBD
.	PUNCT
ال	DET
دقلة	N
.	PUNCT
شنوه	INTEROG
يقصدو	VBZ
بي	PREP
ه	PRO
ال	DET
توانسة	N
.	PUNCT
لا	NEG
اكثر	N
و	C
لا	NEG
اقل	N
.	PUNCT
هذا	DEM
صعيب	ADJ
!	PUNCT
و	C
غنايات	N
هم	PRO
و	C
كل	N
شيء	N
جاي	ADJ
من	PREP
شيرات	N
هم	PRO
.	PUNCT
يكب	VBZ
سعد	N
ها	PRO
ال	DET
سيدة	N
هربت	VBD
ل	PREP
فرنسا	N
و	C
خلات	VBD
ورا	N
ها	PRO
وحدة	ADV
كيف	PART
ك	PRO
حناية	ADJ
ل	PREP
بابا	N
ال	DET
سبسي	N
.	PUNCT
و	C
قالوا	VBD
تمشي	VBZ
ش	NEG
اتقول	VBZ
ل	PREP
اب	N
و	PRO
عياظ	N
راه	EMPH
اعمل	N
ي	PRO
.	PUNCT
حنبعل	N
من	PREP
باعث	N
ال	DET
قناة	N
الى	PREP
ال	DET
عساس	N
احبوا	VBD
اترش	N
ي	PRO
.	PUNCT
لا	NEG
ترقدو	VBZ
و	C
لا	NEG
اتخل	VBZ
و	PRO
من	PREP
يرقد	VBZ
.	PUNCT
يا	PART
و	C
الله	N
عجب	N
!	PUNCT
الا	C
منطقة	N
&	PUNCT
quot	FW
;	PUNCT
حاس	N
ي	PRO
ال	DET
فريد	ADJ
&	PUNCT
quot	FW
;	PUNCT
ال	DET
فقيرة	N
ف	C
من	PREP
ال	DET
اكيد	N
ان	PART
ها	PRO
مازالت	VBD
كيما	PART
هي	PRO
.	PUNCT
و	C
انا	PRO
لهنا	ADV
اخترت	VBD
مجموعة	N
من	PREP
ال	DET
صور	N
ال	DET
معبرة	ADJ
ال	DET
جاية	ADJ
مباشرة	ADV
من	PREP
ال	DET
منطقة	N
ال	DET
مذكورة	ADJ
(	PUNCT
صور	VBD
ها	PRO
صديق	N
كان	VBD
يمر	VBZ
ب	PREP
ال	DET
منطقة	N
ال	DET
مذكورة	ADJ
خلال	N
رحلات	N
ال	DET
عمل	N
)	PUNCT
باش	PART
شباب	N
ال	DET
انترنات	N
و	C
ال	DET
فايسبوك	N
و	C
ال	DET
قهاوي	N
ال	DET
سوري	ADJ
يكتشفو	VBZ
وجه	N
اخر	ADJ
ل	PREP
بلاد	N
ال	DET
فرح	N
ال	DET
مزمن	ADJ
.	PUNCT
قاعة	N
افراح	N
:	PUNCT
جماعة	N
في	PREP
قاعة	N
كبيرة	ADJ
(	PUNCT
قد	PART
تكون	VBZ
قاعة	N
اجتماعات	N
او	C
قاعة	N
برلمان	N
او	C
قاعة	N
افراح	N
-	PUNCT
باش	PART
ما	NEG
تقولو	VBD
ش	NEG
علاش	INTEROG
ديما	ADV
نحكيو	VBZ
في	PREP
ال	DET
سياسة	N
-)	PUNCT
قاعدين	N
يسمعو	VBZ
في	PREP
خطاب	N
طويل	ADJ
عريض	ADJ
(	PUNCT
خطاب	N
اطول	ADJ
من	PREP
خطابات	N
كاسترو	N
و	C
امسط	ADJ
من	PREP
غنايات	N
علياء	ADJ
ب	PREP
ال	DET
عيد	N
)	PUNCT
للي	REL
جا	VBD
هم	PRO
ال	DET
نوم	N
.	PUNCT
و	C
هوما	PRO
ب	PREP
طبيعت	N
هم	PRO
ديما	ADV
راقدين	ADJ
و	C
ما	NEG
يفيقو	VBZ
كان	PART
باش	PART
يقدمو	VBZ
قدمة	N
و	C
يعملو	VBZ
شوية	ADJ
رياضة	N
(	PUNCT
رياضة	N
ال	DET
تصفيق	N
خصوصا	N
)	PUNCT
.	PUNCT
و	C
من	PREP
بعد	N
يرجعو	VBZ
ل	PREP
ل	DET
سبات	N
متاع	GEN
هم	PRO
.	PUNCT
فقط	N
في	PREP
ال	DET
بيع	N
و	C
ال	DET
مبايعة	N
.	PUNCT
مثل	N
معبر	N
:	PUNCT
ال	DET
ماء	N
اللي	REL
ماشي	N
ل	PREP
ل	DET
سدرة	N
.	PUNCT
Cinema	FW
en	FW
Tunisie	FW
-	PUNCT
اسماعيل	N
.	PUNCT
من	PREP
حكم	N
في	PREP
مال	N
ه	PRO
فما	EXT
ظلم	N
.	PUNCT
ال	DET
مسلمين	N
باش	PART
يحكموا	VBZ
ال	DET
عالم	N
من	PREP
غير	N
حرب	N
.	PUNCT
حجب	N
مدونة	N
ال	DET
عمروش	N
،	PUNCT
هاذي	DEM
ال	DET
بداية	N
و	C
مازال	VBD
.	PUNCT
ف	C
انت	PRO
تارة	N
تضحك	VBZ
و	C
كان	PART
ك	PRO
باكيا	ADJ
.	PUNCT
قالو	VBD
ل	PREP
و	PRO
بعد	N
حرف	N
ال	DET
باء	N
اش	INTEROG
يجي	VBZ
؟	PUNCT
من	PREP
كلاب	N
حشا	N
كم	PRO
.	PUNCT
دافية	N
على	PREP
خد	N
و	PRO
.	PUNCT
تعصب	N
ب	PREP
ال	DET
فارغ	N
عقليات	N
منحطة	ADJ
و	C
اخلاق	N
رعاع	N
قطيع	N
ال	DET
دواجن	N
متع	GEN
ال	DET
سلطة	N
سقط	VBD
ال	DET
متاع	GEN
و	C
هزالة	N
ال	DET
تربية	N
و	C
فاقد	N
ال	DET
شي	N
لا	NEG
يعطي	N
ه	PRO
.	PUNCT
جاء	VBD
نا	PRO
من	PREP
هذا	DEM
ال	DET
اخير	N
رد	N
نورد	N
ه	PRO
كاملا	ADV
.	PUNCT
ال	DET
سبب	N
اعيط	N
وحدو	VBD
وحدو	VBD
و	C
ال	DET
رجال	N
اتهز	VBZ
و	C
تنفظ	VBZ
و	C
ادور	N
و	C
حابة	N
اتعط	N
ي	PRO
عين	N
ال	DET
شمس	N
ب	PREP
ال	DET
غربال	N
!	PUNCT
الي	REL
حدود	N
ال	DET
قسمة	N
.	PUNCT
اش	INTEROG
خير	N
من	PREP
هذا	DEM
؟	PUNCT
طلبوا	VBD
ان	PART
هم	PRO
يحكيو	VBZ
مع	PREP
ال	DET
عروس	N
على	PREP
انفراد	N
في	PREP
مسالة	N
شحصية	ADJ
.	PUNCT
ولات	VBD
شي	PART
مصيبة	N
في	PREP
ها	DEM
ال	DET
بلاد	N
.	PUNCT
لازم	N
نا	PRO
انظفو	VBZ
عقلية	N
ملاعبيت	VBD
نا	PRO
.	PUNCT
و	C
تختم	VBZ
ها	PRO
معا	PREP
ه	PRO
في	PREP
مقهى	N
.	PUNCT
ف	C
ال	DET
افريقي	N
يتسع	VBZ
ل	PREP
كل	N
ابناء	N
ه	PRO
.	PUNCT
حجم	N
ال	DET
لعب	N
كان	VBD
محترما	ADJ
و	C
هذا	DEM
ب	PREP
فعل	N
ال	DET
مدرب	N
.	PUNCT
ال	DET
مهم	N
ال	DET
فريق	N
يطلع	VBZ
ب	PREP
ال	DET
كورة	N
ضربة	N
ضربة	N
و	C
تمريرات	N
صحيحة	ADJ
و	C
ما	NEG
يقلق	VBZ
ش	NEG
من	PREP
ال	DET
احتفاظ	N
ب	PREP
ال	DET
كرة	N
.	PUNCT
سلكت	VBD
ها	PRO
.	PUNCT
Publié	FW
par	FW
Clandestino	FW
à	FW
l	FW
&#	PUNCT
x	FW
88	PUNCT
;	PUNCT
adresse	FW
88	PUNCT
:	PUNCT
88	PUNCT
8	PUNCT
commentaires	FW
Libellés	FW
:	PUNCT
corruption	FW
,	PUNCT
tunisie	FW
,	PUNCT
سرقة	N
,	PUNCT
فلسة	N
Liens	FW
vers	FW
ce	FW
message	FW
samedi	FW
88	PUNCT
janvier	FW
8888	PUNCT
.	PUNCT
حتى	N
م	PREP
ال	DET
فرنسيس	N
متاع	GEN
ال	DET
جيان	N
قالو	VBD
ل	PREP
كم	PRO
مضمضوا	VBD
.	PUNCT
ما	NEG
نتصور	VBZ
ش	NEG
مولى	N
ال	DET
جيان	N
مهبول	ADJ
في	PREP
مخ	N
و	PRO
.	PUNCT
ال	DET
رجاء	N
ال	DET
نشر	N
.	PUNCT
كلام	N
صندي	N
حبيب	N
ي	PRO
.	PUNCT
لكن	C
نطالب	VBZ
ال	DET
اخ	N
سليم	N
ب	PREP
وضع	N
هيكلية	N
ادارة	N
قارة	ADJ
و	C
قوية	ADJ
و	C
يحقق	VBZ
ما	N
قال	VBD
ه	PRO
في	PREP
برنامج	N
ه	PRO
و	C
هو	PRO
وجود	N
موارد	N
قارة	N
ل	PREP
ل	DET
افريقي	N
و	C
نريد	VBZ
مدربيبن	N
على	PREP
قيمة	N
عالية	ADJ
في	PREP
كل	N
ال	DET
فروع	N
و	C
في	PREP
كل	N
ال	DET
اصناف	N
مثل	N
ال	DET
اهلي	N
ال	DET
مصري	ADJ
و	C
ال	DET
ترجي	ADJ
.	PUNCT
اش	INTEROG
نعمل	N
و	PRO
ال	DET
راجل	N
نفحت	VBD
و	PRO
جات	N
و	PRO
على	PREP
ال	DET
ليقة	N
و	C
ال	DET
سيمان	N
و	C
ال	DET
جير	N
و	C
ال	DET
حديد	N
!	PUNCT
هاذوكم	EM
احطو	VBD
على	PREP
ال	DET
كلب	N
!	PUNCT
و	C
ال	DET
مسءولين	N
ب	PREP
ال	DET
اموال	N
في	PREP
ال	DET
باليزات	N
معربين	ADJ
.	PUNCT
اتصعب	VBZ
ل	PREP
ي	PRO
في	PREP
ها	PRO
.	PUNCT
انلوجو	VBZ
على	PREP
بير	N
.	PUNCT
اما	PART
ب	PREP
رب	N
ي	PRO
نحب	VBZ
نفهم	VBZ
حاجة	N
.	PUNCT
توا	ADV
تونس	N
اعترفت	VBD
ب	PREP
ال	DET
يابان	N
ياخي	PART
اهيا	PRO
شافت	VBD
بي	PREP
ه	PRO
،	PUNCT
اما	PART
فرنسا	N
اللي	REL
كلات	VBD
ل	PREP
نا	PRO
خيرات	N
نا	PRO
و	C
قتلت	VBD
ل	PREP
نا	PRO
جدود	N
نا	PRO
و	C
ما	NEG
خلات	N
ما	N
عملت	VBD
في	PREP
نا	PRO
ال	DET
فيزا	N
.	PUNCT
ما	N
توصل	VBZ
تاخذ	VBZ
ها	PRO
كان	PART
ما	PART
تكون	VBZ
ماشي	N
باش	PART
تنفع	VBZ
ها	PRO
.	PUNCT
ما	NEG
كان	VBD
ش	NEG
ما	NEG
حاجت	VBD
ها	PRO
ش	NEG
بي	PREP
ك	PRO
.	PUNCT
و	C
يبقى	VBZ
هادا	DEM
ال	DET
شعب	N
في	PREP
غياهب	N
ال	DET
فقر	N
و	C
ال	DET
جوع	N
و	C
ال	DET
ضياع	N
و	C
ال	DET
جهل	N
.	PUNCT
يعطي	N
ها	PRO
حويرة	N
بيرة	N
و	C
لا	NEG
يدور	VBZ
سيقارو	N
تحت	N
ال	DET
حيط	N
في	PREP
ال	DET
حومة	N
.	PUNCT
و	C
كي	PREP
تتعدى	VBZ
بنت	VBD
ال	DET
جيران	N
ينسى	VBZ
حتى	N
اللي	REL
هي	PRO
اخت	N
صاحب	N
و	PRO
اي	PART
اي	PART
.	PUNCT
خاطر	N
ال	DET
جماعة	N
هاذم	DEM
عادة	ADV
ما	NEG
يتفادا	VBD
و	PRO
ال	DET
تبزنيس	N
على	PREP
خوات	N
صحاب	N
هم	PRO
و	C
ولاد	N
حومت	N
هم	PRO
.	PUNCT
اما	PART
عادي	ADV
كي	PREP
تتعدى	VBZ
برانية	N
يسمعو	VBZ
ها	PRO
وسخ	VBD
وذني	N
ها	PRO
و	C
هي	PRO
لا	NEG
عملت	VBD
لا	NEG
يد	N
ها	PRO
لا	NEG
ساق	N
ها	PRO
.	PUNCT
و	C
يبدى	VBZ
يرمي	VBZ
في	PREP
ال	DET
كحل	N
على	PREP
ال	DET
زعك	N
و	C
ال	DET
ترم	N
و	C
يتصور	VBZ
روح	N
و	PRO
غاطس	ADJ
في	PREP
ال	DET
لحم	N
.	PUNCT
ايحط	VBZ
عكاز	N
في	PREP
فم	N
و	PRO
.	PUNCT
ال	DET
اوكستر	N
ال	DET
موسيقي	ADJ
متكون	ADJ
مل	PREP
&	PUNCT
quot	FW
;	PUNCT
ال	DET
معلم	N
&	PUNCT
quot	FW
;	PUNCT
يعزف	VBZ
عل	PREP
&	PUNCT
quot	FW
;	PUNCT
ال	DET
قمبري	N
&	PUNCT
quot	FW
;	PUNCT
و	C
يعزف	VBZ
على	PREP
الات	N
اخرى	N
حسب	N
ال	DET
مرحلة	N
متاع	GEN
ال	DET
معالجة	N
.	PUNCT
اذاكة	DEM
علاش	INTEROG
معلم	N
ب	PREP
ال	DET
اضافة	N
الى	PREP
مخاطبت	N
و	PRO
ل	PREP
ل	DET
جنون	N
ب	PREP
طريقة	N
غير	N
مباشرة	ADJ
و	C
معرفتوا	VBD
ل	PREP
ل	DET
حضور	N
و	C
ال	DET
مستحضرات	N
اللي	REL
تدوخ	VBZ
و	C
تكوخر	VBZ
بش	PART
يتخمر	VBZ
ال	DET
واحد	N
.	PUNCT
و	C
كيفاش	INTEROG
يقعدو	VBZ
معا	PREP
ه	PRO
و	C
كيفاش	INTEROG
يشربو	VBZ
ال	DET
شاي	N
في	PREP
ديار	N
ال	DET
ناس	N
.	PUNCT
دون	N
جيب	N
ما	PART
في	PREP
جيب	N
ك	PRO
اصبح	VBD
في	PREP
جيب	N
ي	PRO
اشتري	N
ب	PREP
ه	PRO
مسيل	N
ال	DET
دمع	N
.	PUNCT
و	C
في	PREP
غرفت	N
ي	PRO
نوم	N
ي	PRO
.	PUNCT
ال	DET
ناس	N
ال	DET
كل	N
تشطح	VBZ
وراء	N
ال	DET
فلوس	N
.	PUNCT
ينقر	VBZ
.	PUNCT
قصد	N
اسقاط	N
ه	PRO
.	PUNCT
ف	C
توجه	VBD
الي	PREP
ه	PRO
ماشيا	ADV
و	C
هو	PRO
يحكي	VBZ
مع	PREP
نفس	N
و	PRO
و	C
يقول	VBZ
:	PUNCT
*	PUNCT
زعمة	PART
وقف	VBD
ل	PREP
ي	PRO
هذا	DEM
ل	DET
سواد	N
عين	N
ي	PRO
؟	PUNCT
هاذوم	PRO
سبب	VBD
خراب	N
ال	DET
بلاد	N
.	PUNCT
قال	VBD
لو	PART
:	PUNCT
ابيض	N
،	PUNCT
ما	NEG
يكون	VBZ
كان	PART
هو	PRO
.	PUNCT
عزوزة	N
عمر	N
ها	PRO
دينار	N
.	PUNCT
و	C
ناس	N
روس	N
ها	PRO
طاسة	ADJ
.	PUNCT
يا	PART
صحوبة	N
كل	N
كاس	N
لاقم	N
ي	PRO
ال	DET
شيخة	ADJ
تكتب	VBZ
صفحة	N
و	C
سي	N
علي	N
يقتل	VBZ
برغوث	N
و	C
اقول	VBZ
اقتلت	VBD
كافر	N
.	PUNCT
من	PREP
كثرة	N
ما	NEG
هي	PRO
راقدة	ADJ
ل	PREP
حد	N
ما	N
عاد	VBD
سامع	ADJ
بي	PREP
ها	PRO
حد	N
في	PREP
ال	DET
بلاد	N
.	PUNCT
حصيل	VBD
و	PRO
ميزيريا	N
لا	NEG
توصف	VBZ
.	PUNCT
ان	PART
ال	DET
عرب	N
في	PREP
حالة	N
ضياع	N
يا	PART
جماعة	N
و	C
ان	PART
ه	PRO
لا	NEG
ينفع	VBZ
لا	NEG
قالويه	N
و	C
لا	NEG
سيبويه	N
&	PUNCT
lt	FW
;	PUNCT
p	FW
&	PUNCT
gt	FW
;	PUNCT
.	PUNCT
كم	PART
كوا	N
فلوس	N
كم	PRO
نصدقو	VBZ
ب	PREP
ها	PRO
علي	PREP
كم	PRO
يا	PART
طحانة	N
يا	PART
الي	REL
ما	NEG
كمش	PRO
ارجال	N
.	PUNCT
ان	PART
ال	DET
ارضية	N
ال	DET
ثقافية	ADJ
هشة	ADJ
ل	PREP
ل	DET
غاية	N
.	PUNCT
ما	NEG
فهمت	VBD
ش	NEG
انا	PRO
فنان	N
يغني	VBZ
ب	PREP
ال	DET
عربي	N
و	C
كي	PREP
يكلم	VBZ
نا	PRO
بين	N
ال	DET
غانية	N
و	C
ال	DET
اغنية	N
يبدل	VBZ
فرنسي	N
؟	PUNCT
جماعة	N
ال	DET
جامعة	N
ال	DET
تونسية	ADJ
ل	PREP
كرة	N
ال	DET
قدم	N
.	PUNCT
ال	DET
ناس	N
حتى	N
خارجة	ADJ
من	PREP
ال	DET
جوامع	N
تجري	VBZ
ل	PREP
يتهمو	VBZ
هم	PRO
ب	PREP
ال	DET
تجمع	N
امام	N
ال	DET
مسجد	N
و	C
ال	DET
شغب	N
ب	PREP
ال	DET
طريق	N
ال	DET
عام	ADJ
.	PUNCT
ياخويا	PART
هو	PRO
موسم	N
!	PUNCT
و	C
ال	DET
غرب	N
ان	PART
وا	PRO
باقي	N
اجمعيات	VBD
اجيو	VBD
و	C
يحضروا	VBZ
و	C
اصحوا	VBD
و	C
اروح	N
و	PRO
فرحانين	ADJ
مسرورين	ADJ
.	PUNCT
ال	DET
فلسفلة	N
و	C
ال	DET
شعر	N
اتخلق	VBD
و	PRO
مع	PREP
قوتا	N
و	C
ما	NEG
ادراك	N
.	PUNCT
انا	PRO
نحب	VBZ
ناخذ	VBZ
ها	PRO
.	PUNCT
اما	PART
ال	DET
حقيقة	N
ال	DET
مرة	N
هاذي	DEM
دزو	VBD
فازت	N
هم	PRO
و	C
جابو	VBD
ل	PREP
نا	PRO
خبير	N
يفرح	VBZ
.	PUNCT
&	PUNCT
lt	FW
;	PUNCT
p	FW
&	PUNCT
gt	FW
;	PUNCT
نعم	PART
ال	DET
اخلاق	N
و	C
نعم	PART
ال	DET
رد	N
!	PUNCT
انكمل	VBZ
ال	DET
رحلة	N
مع	N
ال	DET
ربيع	N
ال	DET
اسود	ADJ
.	PUNCT
في	PREP
عركة	N
(	PUNCT
تظهر	VBZ
ال	DET
بنية	N
متاع	GEN
ال	DET
معمل	N
من	PREP
بعيد	N
)	PUNCT
-	PUNCT
يا	PART
لطيف	N
.	PUNCT
فهذا	N
رءيس	N
جامعة	N
على	PREP
جمع	N
اعضاء	N
ه	PRO
عاجزا	ADJ
.	PUNCT
ال	DET
بلاد	N
تناكت	VBD
.	PUNCT
بره	ADV
انت	PRO
ل	PREP
فندق	N
ك	PRO
يا	PART
ولد	N
ي	PRO
.	PUNCT
و	C
معا	PREP
ها	PRO
جندوبة	N
.	PUNCT
كيف	PART
كيف	PART
شرا	N
ها	PRO
البارح	ADV
من	PREP
ال	DET
سوبرمارشي	N
.	PUNCT
تي	PART
اعملوا	VBD
قيمة	N
ل	PREP
رواح	N
كم	PRO
ادي	VBD
ني	PRO
.	PUNCT
فهمت	VBD
يا	PART
ل	DET
فحل	N
.	PUNCT
و	C
في	PREP
نفس	N
ال	DET
وقت	N
يسال	VBZ
و	PRO
على	PREP
احوال	N
وا	PRO
شنية	INTEROG
.	PUNCT
فمة	EXT
اللي	REL
زهر	N
و	PRO
راقد	ADJ
و	C
ثمة	N
اللي	REL
زهر	N
و	PRO
قاعد	ADJ
.	PUNCT
ل	PREP
ل	DET
بحر	N
اللي	REL
غرقو	VBD
.	PUNCT
نرجع	VBZ
ل	PREP
ك	PRO
حاير	N
و	C
مهني	N
.	PUNCT
انت	PRO
و	C
قلب	N
ي	PRO
اقوى	ADJ
من	PREP
ي	PRO
.	PUNCT
انا	PRO
حبيت	VBD
جملة	N
ما	PART
في	PREP
ك	PRO
.	PUNCT
و	C
استعمل	VBD
ال	DET
اسلحة	N
ال	DET
كل	N
،	PUNCT
عادي	ADV
.	PUNCT
قالو	VBD
ل	PREP
وا	PRO
:	PUNCT
لكن	C
في	PREP
ال	DET
صحراء	N
ما	NEG
في	PREP
ش	NEG
اشجار	N
،	PUNCT
قال	VBD
ل	PREP
هم	PRO
:	PUNCT
كلا	VBD
ني	PRO
ça	FW
va	FW
???	PUNCT
واحد	N
ب	PREP
خيل	N
تحرقت	VBD
دار	N
و	PRO
،	PUNCT
عمل	N
&	PUNCT
quot	FW
;	PUNCT
سرفيس	N
كلم	VBD
ني	PRO
&	PUNCT
quot	FW
;	PUNCT
ل	PREP
ل	DET
حماية	N
ال	DET
مدنية	N
.	PUNCT
ماناش	NEGCOP
معا	PREP
من	PREP
اجل	N
تونس	N
و	C
ماناش	NEGCOP
معا	PREP
من	PREP
اجل	N
بن	N
علي	N
.	PUNCT
و	C
اكبر	N
دليل	N
ان	PART
و	PRO
الي	REL
يخدمو	VBZ
شطر	N
هم	PRO
ما	NEG
يحبو	VBZ
ش	NEG
ل	PREP
فريق	N
ي	PRO
عكس	N
ال	DET
جمعيات	N
ل	DET
خري	ADJ
يخدمو	VBZ
في	PREP
ها	PRO
اولااد	N
ها	PRO
.	PUNCT
و	C
زيد	N
كي	PREP
هو	PRO
بطال	N
و	C
سعد	N
و	PRO
مكبوب	N
فاش	INTEROG
قام	VBD
علي	PREP
ه	PRO
يجيب	VBZ
في	PREP
8	PUNCT
تواءم	N
فرد	N
ضربة	N
.	PUNCT
اش	INTEROG
قول	VBD
ك	PRO
؟	PUNCT
شفت	N
و	PRO
اليوم	ADV
ب	PREP
عيني	N
راس	N
ي	PRO
و	C
سمعت	VBD
و	PRO
علي	PREP
ال	DET
مباشر	N
.	PUNCT
ما	N
تنجم	VBZ
تخرج	VBZ
من	PREP
ها	PRO
كان	PART
دموع	N
ك	PRO
شرتلة	N
.	PUNCT
اما	PART
انا	PRO
جاي	N
و	C
شفت	VBD
حاجه	N
بيضا	ADJ
ترمات	VBD
في	PREP
ها	DEM
ال	DET
بير	N
ال	DET
متروك	ADJ
(	PUNCT
88	PUNCT
)،	PUNCT
انت	PRO
كبش	N
ك	PRO
ابيض	ADJ
؟	PUNCT
وصيت	N
ي	PRO
ل	PREP
ل	DET
شباب	N
ال	DET
مغربي	ADJ
هي	PRO
ال	DET
صبر	N
ال	DET
تباث	ADJ
حتى	N
ياتي	VBZ
ال	DET
فرج	N
*	PUNCT
ال	DET
صبر	N
مفتاح	N
ال	DET
فرج	N
*	PUNCT
.	PUNCT
ال	DET
ترجي	N
بطل	N
ياريوس	N
ل	PREP
بصل	N
و	C
اخر	N
دعوا	VBD
نا	PRO
ان	PART
ال	DET
حمد	N
ل	PREP
له	N
رب	N
ي	PRO
ال	DET
عالمين	N
.	PUNCT
ب	PREP
ما	PART
ان	PART
و	PRO
ال	DET
طراجي	N
تحتفل	VBZ
ب	PREP
ال	DET
تسعينية	N
و	C
هو	PRO
شيخ	N
ال	DET
اندية	N
يلزم	VBZ
انوفرو	VBZ
ل	PREP
و	PRO
ال	DET
ظروف	N
ال	DET
كل	N
باش	PART
ايفوز	VBZ
ب	PREP
زايد	N
القاب	N
.	PUNCT
سامح	VBD
ني	PRO
خو	N
يا	PRO
منصور	N
.	PUNCT
شنوه	INTEROG
ال	DET
كلام	N
اتقول	VBZ
في	PREP
ه	PRO
؟	PUNCT
ال	DET
نوامر	N
متع	GEN
ال	DET
حكومة	N
ال	DET
تونسية	ADJ
ما	NEG
في	PREP
ها	PRO
حتى	N
نيمرو	N
صحيح	ADJ
.	PUNCT
لكن	C
ان	PART
كان	VBD
مبحث	N
ال	DET
لسانيات	N
طريقا	N
الى	PREP
مبحث	N
اوسع	ADJ
هو	PRO
مبحث	N
ال	DET
سيميولوجيا	N
.	PUNCT
و	C
بعد	N
لقاءات	N
متعددة	ADJ
.	PUNCT
لا	NEG
محالة	N
هو	PRO
في	PREP
كل	N
ال	DET
حالات	N
يقعد	VBZ
خير	N
من	PREP
هزان	N
حاجات	N
اخرى	ADJ
لا	NEG
قدر	VBD
الله	N
.	PUNCT
ال	DET
فيلم	N
تنجمو	VBZ
تتيليشارجيو	VBZ
ه	PRO
من	PREP
هنا	ADV
ب	PREP
ال	DET
نسبه	N
للي	REL
مازال	VBD
ما	NEG
شافو	VBD
ش	NEG
و	C
كي	PREP
ال	DET
عاده	N
نستنى	VBZ
تعاليق	N
كم	PRO
حول	N
مسالة	N
ازدراء	N
ال	DET
اديان	N
في	PREP
تونس	N
و	C
ال	DET
فيلم	N
زاد	N
ه	PRO
.	PUNCT
ايجي	VBD
بابا	N
مريض	ADJ
.	PUNCT
ايحط	VBZ
صبع	N
و	PRO
في	PREP
فم	N
و	PRO
.	PUNCT
زيد	N
ال	DET
كلب	N
موجود	ADJ
في	PREP
ال	DET
حلبة	N
.	PUNCT
حاسب	VBD
ني	PRO
ب	PREP
جلد	N
و	PRO
ما	NEG
قالو	VBD
ها	PRO
ش	NEG
قدام	N
ال	DET
مدب	N
ابات	N
نا	PRO
!	PUNCT
لا	NEG
و	C
888	PUNCT
لا	NEG
.	PUNCT
كان	VBD
ب	PREP
ود	N
ي	PRO
نبدا	VBZ
ال	DET
حكايه	N
هذه	DEM
كيم	PART
في	PREP
ال	DET
خرافات	N
امتاع	GEN
ال	DET
سحارات	N
و	C
ال	DET
جنيات	N
.	PUNCT
و	C
لا	NEG
راجل	N
في	PREP
هم	PRO
قادر	ADJ
اشد	VBD
ساعة	N
يحكي	VBZ
دوة	N
معقولة	ADJ
.	PUNCT
ال	DET
شايب	N
وجه	N
و	PRO
ال	DET
كل	N
دم	N
و	C
ظهر	N
و	PRO
خيوط	N
خيوط	N
.	PUNCT
حزب	N
واحد	N
مسلح	N
.	PUNCT
لازم	N
هم	PRO
اكونو	VBD
ذكير	N
من	PREP
ال	DET
نوع	N
ال	DET
كبير	ADJ
باش	PART
اتشد	VBD
ال	DET
قاري	N
كانت	VBD
ما	N
كانت	VBD
ال	DET
صورة	N
الي	REL
في	PREP
راس	N
و	PRO
علي	PREP
ك	PRO
.	PUNCT
شنيه	N
ها	PRO
ال	DET
مصيبة	N
الي	REL
حلت	VBD
ب	PREP
ال	DET
بلاد	N
.	PUNCT
و	C
قعد	VBD
يخدم	VBZ
.	PUNCT
في	PREP
ال	DET
اخير	N
قبل	N
ان	PART
انسى	VBZ
ال	DET
عراء	N
و	C
قلة	N
ال	DET
تربية	N
فوق	N
ال	DET
ركح	N
و	C
ال	DET
حركات	N
ال	DET
مثيرة	N
و	C
و	C
و	C
.	PUNCT
قلت	VBD
ل	PREP
هم	PRO
كيفاش	INTEROG
و	C
ال	DET
نادي	N
ال	DET
افريقي	ADJ
.	PUNCT
ياخذ	VBZ
ها	PRO
ال	DET
واحد	N
و	C
يخلي	VBZ
ها	PRO
على	PREP
ما	PART
ياتي	VBZ
.	PUNCT
طلبوا	VBD
ان	PART
هم	PRO
يحكيو	VBZ
مع	N
ال	DET
عروس	N
على	PREP
انفراد	N
في	PREP
مسالة	N
شحصية	ADJ
.	PUNCT
يخي	VBZ
ما	NEG
تفرجتو	VBD
ش	NEG
حتى	N
مرة	N
على	PREP
اوبرا	N
و	C
مشكلة	N
ال	DET
عباد	N
اللي	REL
ترهن	VBZ
و	C
تبيع	VBZ
في	PREP
دار	N
ها	PRO
و	C
الا	C
في	PREP
ا	N
.	PUNCT
و	C
برة	ADV
هكاكة	ADV
.	PUNCT
ال	DET
وك	N
في	PREP
كلام	N
لا	NEG
ينفع	VBZ
لا	NEG
اضر	N
.	PUNCT
ال	DET
فيلم	N
تنجمو	VBZ
تتيليشارجيو	VBZ
ه	PRO
من	PREP
هنا	ADV
ب	PREP
ال	DET
نسبه	N
ل	PREP
لي	REL
مازال	VBD
ما	NEG
شافو	VBD
ش	NEG
و	C
كي	PREP
ال	DET
عاده	N
نستنى	VBZ
تعاليق	N
كم	PRO
حول	N
مسالة	N
ازدراء	N
ال	DET
اديان	N
في	PREP
تونس	N
و	C
ال	DET
فيلم	N
زاده	ADV
.	PUNCT
و	C
كريرسات	VBD
هم	PRO
.	PUNCT
احترام	N
ي	PRO
و	C
تقدير	N
ي	PRO
ب	PREP
سم	N
الله	N
ال	DET
رحمان	N
ال	DET
رحيم	N
.	PUNCT
الي	REL
متاكدة	ADJ
من	PREP
و	PRO
حتي	N
لو	PART
ان	PART
استاذ	N
ظلم	ADJ
تلميذ	N
ااباقي	ADJ
مش	NEG
هم	PRO
مش	NEG
يكونوا	VBZ
ظالمين	ADJ
ب	PREP
كل	N
نا	PRO
قرينا	VBD
و	C
نعرفو	VBZ
علاش	INTEROG
.	PUNCT
يلتجا	VBZ
ال	DET
اساتذة	N
ل	PREP
طرد	N
ال	DET
تلميذ	N
و	C
من	PREP
ال	DET
مستحيل	N
ان	PART
يساهم	VBZ
ال	DET
اساتذة	N
في	PREP
ال	DET
قضاء	N
على	PREP
مستقبل	N
ال	DET
تلميذ	N
لكن	C
من	PREP
ال	DET
مءكد	N
ان	PART
هءلاء	DEM
فاتو	VBD
احد	N
هم	PRO
ام	C
رب	N
ي	PRO
يهدي	N
ال	DET
جميع	N
.	PUNCT
و	C
ال	DET
اولياء	N
يتلهوا	VBZ
ب	PREP
ابناء	N
هم	PRO
و	C
يراقب	N
هم	PRO
جيدا	N
.	PUNCT
و	PRO
شوف	VBD
يستطيعوا	VBZ
ان	PART
يجعل	N
من	PREP
هم	PRO
جيلا	N
صالحاوالا	ADJ
لا	NEG
.	PUNCT
لا	NEG
م	NEG
نقارنو	VBZ
ش	NEG
رواحنة	N
ب	PREP
سعوديا	N
خاطر	N
حتى	N
احنا	PRO
نعرفو	VBZ
الي	REL
فلوس	N
ها	PRO
ب	PREP
رشى	N
.	PUNCT
و	C
طيشت	VBD
ها	PRO
في	PREP
ال	DET
افابو	N
.	PUNCT
كنت	VBD
رايض	N
؟	PUNCT
جبد	N
ال	DET
جريدة	N
متاع	GEN
ال	DET
صباح	N
عاود	VBD
قرا	VBD
ها	PRO
.	PUNCT
ايقول	VBZ
و	PRO
ال	DET
شيخ	N
حكيم	N
.	PUNCT
و	C
اشيات	N
و	C
اشيات	N
.	PUNCT
نجمت	N
ي	PRO
مش	NEG
تبدى	VBZ
ب	PREP
ال	DET
ضبط	N
فوق	N
ال	DET
بقعه	N
اللي	REL
طحت	VBD
في	PREP
ها	PRO
عام	N
نول	N
.	PUNCT
فيق	N
.	PUNCT
اش	INTEROG
تسال	VBZ
.	PUNCT
و	C
ناس	N
موكوسة	ADJ
و	C
ناس	N
منفوسة	ADJ
.	PUNCT
حاسي	VBD
ل	PREP
و	PRO
ما	NEG
تتفرهد	VBZ
و	C
ما	NEG
ترجع	VBZ
ل	PREP
ها	PRO
ال	DET
تبسيمة	N
الا	C
بعد	N
لا	NEG
ترجع	VBZ
ل	PREP
ها	PRO
&	PUNCT
quot	FW
;	PUNCT
ال	DET
مدسين	N
مودارن	N
&	PUNCT
quot	FW
;	PUNCT
ال	DET
عفة	N
متاع	GEN
ها	PRO
.	PUNCT
و	C
تزيد	VBZ
هي	PRO
تعمل	VBZ
ضربة	N
معلم	ADJ
ليلة	N
ال	DET
دخلة	N
,	PUNCT
ف	C
تتصنع	VBZ
قلة	N
ال	DET
تجربة	N
و	C
ترمي	VBZ
ال	DET
دهشة	N
قدام	N
ال	DET
مغبون	N
راجل	N
ها	PRO
اللي	REL
يسخايل	VBZ
روح	N
و	PRO
&	PUNCT
quot	FW
;	PUNCT
	PREP
بوزيد	N
ال	DET
هلالي	N
&	PUNCT
quot	FW
;	PUNCT
في	PREP
زمان	N
و	PRO
.	PUNCT
اي	PART
اشبي	INTEROG
ه	PRO
سي	N
توفيق	N
بن	N
بريك	PREP
؟	PUNCT
اوك	N
ي	PRO
.	PUNCT
غياب	N
يا	PART
!	PUNCT
قال	VBD
و	PRO
كيف	PART
حجت	VBD
نقصت	VBD
من	PREP
ال	DET
عراء	N
!	PUNCT
و	C
ربما	ADV
اردفت	VBD
مثل	N
&	PUNCT
amp	FW
;	PUNCT
quot	FW
;	PUNCT
ولد	N
عمارة	N
&	PUNCT
amp	FW
;	PUNCT
quot	FW
;	PUNCT
(	PUNCT
محب	N
ال	DET
نادي	N
ال	DET
افريقي	ADJ
)	PUNCT
.	PUNCT
ال	DET
غني	N
نخالطو	VBZ
ه	PRO
.	PUNCT
ال	DET
تونسي	N
خايف	ADJ
من	PREP
غدوه	ADV
.	PUNCT
	
ال	DET
اسد	N
مات	VBD
ب	PREP
ال	DET
ضحك	N
و	C
قال	VBD
ل	PREP
ل	DET
نمر	N
وهوما	PRO
راجعين	ADV
:	PUNCT
يقوى	VBZ
علي	PREP
ك	PRO
رب	N
ي	PRO
،	PUNCT
من	PREP
ين	N
تجيب	VBZ
في	PREP
ها	PRO
ال	DET
افكار	N
؟	PUNCT
ال	DET
مومس	N
شخصية	N
محورية	ADJ
في	PREP
افلام	N
ب	PREP
وزيد	N
و	C
هو	PRO
ديما	ADV
يقول	VBZ
اللي	REL
يعشق	VBZ
عالم	N
هم	PRO
.	PUNCT
اولا	ADV
انا	PRO
نحترم	VBZ
جهة	N
صفاقس	N
و	C
كل	N
جهات	N
ال	DET
جمهورية	N
دون	N
استثناء	N
.	PUNCT
و	C
ال	DET
بوست	N
متاع	GEN
ي	PRO
ما	NEG
في	PREP
ه	PRO
ش	NEG
سخرية	N
او	C
تهكم	VBZ
على	PREP
ال	DET
صفاقسية	N
.	
و	C
ما	N
في	PREP
ه	PRO
ش	NEG
اي	PART
شكل	N
من	PREP
اشكال	N
ال	DET
نعرة	N
و	C
ال	DET
عصبية	N
ال	DET
جهوية	ADJ
.	PUNCT
انصح	VBD
هم	PRO
اماله	PART
يعملوا	VBZ
ل	PREP
عملي	N
ه	PRO
ال	DET
حسابيه	ADJ
،	PUNCT
يعشقو	VBZ
ال	DET
حسابات	N
.	PUNCT
ايوخر	VBZ
و	C
ايقدم	VBZ
سي	N
دحمد	N
.	PUNCT
ال	DET
غني	N
نخالطو	VBZ
ه	PRO
.	PUNCT
و	C
قاعد	N
يح	VBZ
كم	PRO
علي	PREP
هم	PRO
كما	PART
جاء	VBD
.	PUNCT
هو	PRO
يجري	VBZ
و	C
انا	PRO
نجري	VBZ
،،،	PUNCT
هو	PRO
يزيد	VBZ
في	PREP
ال	DET
سرعة	N
و	C
انا	PRO
نزيد	VBZ
في	PREP
ال	DET
سرعة	N
و	C
ما	NEG
منعت	VBD
من	PREP
و	PRO
كان	PART
ما	PRO
تخبيت	VBD
في	PREP
عمارة	N
قابلت	ADJ
ني	PRO
.	PUNCT
ثورة	N
تاتي	VBZ
على	PREP
ال	DET
سكينة	N
في	PREP
نا	PRO
!	PUNCT
و	C
في	PREP
نفس	N
ال	DET
وقت	N
يسال	VBZ
و	PRO
على	PREP
احوالوا	N
شنية	INTEROG
.	PUNCT
خرج	VBD
و	C
قال	VBD
:	PUNCT
انا	PRO
ما	NEG
نعرف	VBZ
ش	NEG
اش	INTEROG
يتكيف	VBZ
،	PUNCT
و	C
على	PREP
ال	DET
عموم	N
هام	N
زوز	N
سواقر	N
،	PUNCT
واحد	N
ب	PREP
ال	DET
فلتر	N
و	C
ل	PREP
اخر	N
من	PREP
غير	N
،	PUNCT
(	PUNCT
تنبز	VBD
ال	DET
نمر	N
)	PUNCT
شد	N
يفشخ	VBZ
في	PREP
ه	PRO
و	C
يقول	VBZ
:	PUNCT
باااااااااااه	N
ي	PRO
،	PUNCT
و	C
ال	DET
كاسك	N
ويني	INTEROG
؟	PUNCT
قد	N
ما	NEG
نحكيل	VBD
ك	PRO
و	C
شوية	N
.	PUNCT
بحذا	PREP
ك	PRO
اهل	N
ك	PRO
و	C
امالي	N
ك	PRO
.	PUNCT
يا	PART
جماعة	N
صدقو	VBD
ني	PRO
عامل	N
اوبتي	N
ك	PRO
و	C
لكن	C
ال	N
ليز	N
متع	GEN
ال	DET
خوانجية	N
امر	N
احير	ADJ
.	PUNCT
قدام	N
ال	DET
مسرح	N
ال	DET
بلدي	ADJ
.	PUNCT
قال	VBD
و	PRO
صاحب	N
ال	DET
كاترال	N
:	PUNCT
اتحرك	VBD
جيب	VBD
ل	PREP
نا	PRO
زوز	N
كيسان	N
تاي	N
ب	PREP
ال	DET
بندق	N
.	PUNCT
ال	DET
جندي	N
هبط	VBD
&	PUNCT
quot	FW
;	PUNCT
فوند	VBD
و	PRO
&	PUNCT
quot	FW
;	PUNCT
ما	N
في	PREP
عين	N
و	PRO
ب	PREP
لة	N
.	PUNCT
رفعت	VBD
شعارات	N
حماية	N
ال	DET
بيءة	N
و	C
ل	PREP
بيب	N
و	C
.	PUNCT
انا	PRO
متفاءل	N
ل	PREP
اول	N
مرة	N
رغم	N
هذه	DEM
ال	DET
نتيجة	N
و	C
اقول	VBZ
انتظروا	VBD
ال	DET
افريقي	N
.	PUNCT
لكن	C
موش	NEG
كل	N
ما	N
في	PREP
عين	N
ك	PRO
حلى	ADJ
،	PUNCT
من	PREP
ال	DET
شعور	N
جاء	VBD
!	PUNCT
قلت	VBD
مادام	ADV
ال	DET
جماعة	N
هابطين	ADJ
ريش	N
و	C
داخلين	ADJ
في	PREP
بعض	N
هم	PRO
ركبة	N
و	C
اللي	REL
هاذا	DEM
يستنى	VBZ
في	PREP
ل	PREP
اخر	N
في	PREP
ال	DET
دورة	N
يا	PART
ذنوب	N
ي	PRO
كان	VBD
ال	DET
حكاية	N
باش	PART
توفى	VBZ
على	PREP
خير	N
.	PUNCT
فقدنا	VBD
ال	DET
احساس	N
ب	PREP
ال	DET
زمن	N
.	PUNCT
في	PREP
اخر	N
ال	DET
شهر	N
يبدا	VBZ
اعيط	N
ال	DET
شهرية	N
و	C
فات	VBD
.	PUNCT
يا	PART
قاسم	N
ثم	EXT
مرات	N
فكرت	VBD
في	PREP
ال	DET
انتحار	N
.	PUNCT
قال	VBD
صلى	VBD
الله	N
علي	PREP
ه	PRO
و	C
سلم	VBD
-	PUNCT
:(	PUNCT
الله	N
،	PUNCT
الله	N
في	PREP
اصحاب	N
ي	PRO
لا	NEG
تتخذو	VBZ
هم	PRO
غرضا	N
بعد	N
ي	PRO
،	PUNCT
فمن	REL
احب	VBD
هم	PRO
فبحب	N
ي	PRO
احب	VBD
هم	PRO
،	PUNCT
و	C
من	PREP
ابغض	VBD
هم	PRO
فببغض	N
ي	PRO
ابغض	VBD
هم	PRO
،	PUNCT
و	C
من	PREP
اذا	N
هم	PRO
فقد	VBD
اذان	N
ي	PRO
،	PUNCT
و	C
من	PREP
اذان	N
ي	PRO
فقد	VBD
اذى	N
الله	N
،	PUNCT
و	C
من	PREP
اذى	VBD
الله	N
في	PREP
وش	N
ك	PRO
ان	PART
ياخذ	VBZ
ه	PRO
).	PUNCT
هذا	DEM
اتعدى	N
ال	DET
مفهيم	N
الي	REL
ما	NEG
زالت	VBD
في	PREP
راس	N
ي	PRO
و	C
ال	DET
مفاهيم	N
الي	REL
عملت	VBD
نا	PRO
من	PREP
كل	N
شيء	N
شوهة	N
حتى	N
من	PREP
ال	DET
عرس	N
و	C
لى	VBD
مشكلة	N
و	C
مصيبة	N
.	PUNCT
ال	DET
واضح	N
اللي	REL
ال	DET
تقدم	N
ماهوش	NEGCOP
من	PREP
قطع	N
و	C
ماهوش	NEGCOP
مضمون	ADJ
زادة	ADV
.	PUNCT
في	PREP
غياب	N
هياكل	N
ك	PRO
ال	DET
ناءمة	N
.	PUNCT
ال	DET
صنف	N
.	PUNCT
تشيح	VBZ
ال	DET
دنيا	N
.	PUNCT
انتزعوا	VBZ
تاشيرة	N
تاسيس	N
ال	DET
نادي	N
ال	DET
افريقي	ADJ
ال	DET
حنين	ADJ
.	PUNCT
نطقت	VBD
من	PREP
اجناب	N
ي	PRO
،	PUNCT
قلت	VBD
ل	PREP
ها	PRO
و	C
انت	PRO
فاش	INTEROG
قام	VBD
علي	PREP
ك	PRO
ما	NEG
تستدعا	VBD
ش	NEG
ال	DET
عباد	N
و	C
تقعد	VBZ
في	PREP
ال	DET
حشمة	N
،	PUNCT
مش	NEG
كان	VBD
نسكرو	VBZ
ال	DET
نهج	N
ب	PREP
باش	PART
و	C
نعيطو	VBZ
ل	PREP
امة	N
محمد	N
خير	N
؟	PUNCT
و	C
منتدى	N
ال	DET
شعب	N
مع	N
كم	PRO
.	PUNCT
قال	VBD
ل	PREP
هم	PRO
حرف	N
ال	DET
تاء	N
.	PUNCT
يا	PART
سيد	N
ي	PRO
انا	PRO
طالب	N
تونسي	ADJ
(	PUNCT
ب	PREP
كل	N
ما	REL
تنجم	VBZ
توحي	VBZ
ل	PREP
كم	PRO
بي	PREP
ه	PRO
كلمة	N
طالب	N
من	PREP
.	PUNCT
و	C
في	PREP
سوق	N
ال	DET
صوف	N
الي	REL
كان	VBD
و	PRO
يجيو	VBZ
ه	PRO
من	PREP
كل	N
مكان	N
.	PUNCT
قالو	VBD
ل	PREP
و	PRO
بعد	N
حرف	N
ال	DET
باء	N
اش	INTEROG
يجي	VBZ
؟	PUNCT
ف	C
قد	PART
جاءت	VBD
ترقية	N
ال	DET
جنرال	N
رشيد	N
عمار	N
و	C
تعيين	N
ه	PRO
ب	N
امر	
من	PREP
ال	DET
رءيس	N
ال	DET
مءقت	ADJ
فءاد	N
ال	DET
مبزع	N
قاءدا	N
عاما	ADJ
ل	PREP
ل	DET
قوات	N
ال	DET
مسلحة	ADJ
-	PUNCT
مع	PREP
ال	DET
احتفاظ	N
ب	PREP
منصب	N
قاءد	N
عام	N
ل	PREP
قوات	N
ال	DET
بر	N
-	PUNCT
ل	PREP
تدعم	VBD
فرضية	N
تفعيل	ADJ
دور	N
ال	DET
مءسسة	N
ال	DET
عسكرية	ADJ
سياس	N
يا	PRO
في	PREP
ال	DET
مرحلة	N
ال	DET
قادمة	ADJ
.	PUNCT
ال	DET
سوق	N
ال	DET
وحيدة	ADJ
في	PREP
ال	DET
بلاد	N
.	PUNCT
حاسيل	VBD
و	PRO
هذا	DEM
ملخص	N
ل	PREP
ل	DET
وضع	N
ال	DET
جديد	ADJ
و	C
اللي	REL
بديت	VBD
نتاقلم	VBZ
معا	PREP
ه	PRO
حبا	N
في	PREP
ال	DET
ناس	N
مش	NEG
على	PREP
حاجة	N
,	PUNCT
على	PREP
خاطر	N
ني	PRO
ال	DET
داخل	N
مازلت	VBD
كيف	PART
ما	PART
انا	PRO
.	PUNCT
قال	VBD
ل	PREP
هم	PRO
حرف	N
ال	DET
تاء	N
.	PUNCT
مهدي	N
:	PUNCT
ما	NEG
ني	PRO
ش	NEG
باش	PART
نعلم	VBZ
كم	PRO
،	PUNCT
هاذيكا	DEM
خدمت	VBD
كم	PRO
و	C
انتوما	PRO
تعرفو	VBZ
ها	PRO
اكثر	ADJ
من	PREP
ي	PRO
،	PUNCT
لكن	C
انا	PRO
نذكر	VBZ
في	PREP
كم	PRO
بركا	N
،	PUNCT
و	C
نشال	VBZ
ل	PREP
ه	PRO
ال	DET
حملات	N
هاذي	DEM
نشوفو	VBZ
ها	PRO
في	PREP
تونس	N
ال	DET
كل	N
،	PUNCT
موش	NEG
كان	PART
في	PREP
ال	DET
حوم	N
ال	DET
مزمرة	ADJ
.	PUNCT
انتوما	PRO
غضيت	VBD
و	PRO
ال	DET
ترف	N
برشة	ADJ
على	PREP
ال	DET
مدون	N
عاشور	N
و	C
هاكم	EMPH
تشوفو	VBZ
في	PREP
ال	DET
مشاطر	N
متاع	GEN
ال	DET
معلقين	N
ال	DET
وارث	ADJ
الي	REL
طلعو	VBD
من	PREP
كل	N
بقعة	N
كيف	PART
ال	DET
فقاع	N
و	C
الي	REL
هوما	PRO
ما	NEG
يمثلو	VBD
ش	NEG
ال	DET
مسلمين	N
.	PUNCT
&	PUNCT
lt	FW
;	PUNCT
p	FW
&	PUNCT
gt	FW
;	PUNCT
قبل	ADV
لا	NEG
تبدى	VBZ
تلوج	VBZ
و	C
ب	PREP
اذلة	N
جهد	N
خيالي	N
في	PREP
ال	DET
تلويج	N
عل	PREP
ال	DET
مسلم	N
ال	DET
حقيقي	ADJ
،	PUNCT
تقول	VBZ
ش	NEG
علي	PREP
ك	PRO
عينت	VBD
ك	PRO
وزارة	N
ال	DET
تلويج	N
في	PREP
منصب	N
ال	DET
مسءول	N
عل	PREP
ال	DET
مهمة	N
ال	DET
نبيلة	ADJ
هذه	DEM
و	C
مازل	VBD
نا	PRO
ما	NEG
عرفنا	VBD
ش	NEG
علاش	INTEROG
متعبين	N
ك	PRO
ال	DET
جماعة	N
.	PUNCT
نظرة	N
لا	NEG
تخل	VBZ
و	PRO
من	PREP
احتقار	N
،	PUNCT
لكن	C
هذاكا	DEM
ال	DET
ميجود	N
.	PUNCT
ال	DET
باب	N
مازال	VBD
ب	PREP
عيد	N
و	C
ال	N
رعب	N
ظرب	VBD
ني	PRO
في	PREP
اجناب	N
ي	PRO
.	PUNCT
باعععععع	N
.	PUNCT
ياوال	PART
ل	PREP
ه	PRO
عجب	N
!	PUNCT
ل	PREP
نقول	VBZ
ل	PREP
ابد	N
ان	PART
ينتهي	VBZ
زمن	N
رياضة	N
فلان	N
.	PUNCT
وهكاكة	DEM
يكون	VBZ
ولد	N
و	PRO
خالد	N
شرف	N
في	PREP
ال	DET
مءسسات	N
ال	DET
تربوية	ADJ
ال	DET
كل	N
في	PREP
ال	DET
بلاد	N
.	PUNCT
ما	REL
هو	PRO
ال	DET
حمار	N
في	PREP
ال	DET
كريدا	N
يلعب	N
و	C
اجياب	C
و	PRO
امعبية	ADJ
ب	PREP
ال	DET
فلوس	N
.	PUNCT
فهذا	DEM
رهان	N
ك	PRO
و	C
دور	N
ك	PRO
يا	PART
حبيب	N
ي	PRO
ال	DET
منتدى	ADJ
.	PUNCT
ل	PREP
ل	DET
وقوف	N
و	C
ال	DET
توقف	N
.	PUNCT
عجب	N
يا	PART
سي	N
كمال	N
.	PUNCT
ان	PART
هم	PRO
ينادون	VBZ
ل	PREP
ل	DET
فسق	N
و	C
خراب	N
ال	DET
هوية	N
.	PUNCT
ثم	EXT
فرق	N
كبير	N
!	PUNCT
و	C
ال	DET
حرقان	N
.	PUNCT
و	C
هي	PRO
تعيش	VBZ
في	PREP
واد	N
رفقة	N
صعلوك	N
.	PUNCT
و	C
يتمثل	VBZ
في	PREP
رءية	N
ال	DET
مخرجين	N
ال	DET
توانسة	ADJ
ان	PART
و	PRO
ال	DET
الحاح	N
على	PREP
ال	DET
جسد	N
و	C
ال	DET
جنس	N
حاجة	N
لازمة	ADJ
بش	PART
ال	DET
واحد	N
يرى	VBZ
تصويرت	N
و	PRO
في	PREP
ال	DET
مراية	N
و	C
يحل	VBZ
عيني	N
ه	PRO
على	PREP
ال	DET
حاجات	N
ال	DET
قبيحة	ADJ
و	C
ال	DET
مشوهة	ADJ
في	PREP
ال	DET
مجتمع	N
متاع	GEN
و	PRO
.	PUNCT
و	C
اسم	N
ها	PRO
كنت	VBD
ما	NEG
نعرف	VBZ
ش	NEG
انقول	VBD
و	PRO
كما	PART
اتشي	N
كوسلوفاكيا	N
.	PUNCT
يقصدو	VBZ
ال	DET
عيش	N
على	PREP
ال	DET
هامش	N
.	PUNCT
جاوبت	VBD
ه	PRO
كيم	PART
جا	VBD
.	PUNCT
اش	INTEROG
موصل	N
نا	PRO
لي	PREP
ه	PRO
من	PREP
اصل	N
و	PRO
كان	VBD
جي	VBD
نا	PRO
قاريين	ADJ
قوانين	ADJ
كل	N
قسم	N
و	C
كل	N
فرع	N
و	C
نعمل	VBZ
و	PRO
بي	PREP
ها	PRO
و	C
نحترمو	VBZ
ها	PRO
وقت	N
ها	PRO
ما	NEG
ينجم	VBZ
حد	N
يوقف	VBZ
ك	PRO
.	PUNCT
و	C
ما	NEG
تتحرم	VBZ
ش	NEG
من	PREP
ال	DET
منتدى	N
و	C
ما	NEG
تتصور	VBZ
ش	NEG
ان	PART
و	PRO
الي	REL
باش	PART
يوقف	VBZ
ك	PRO
فرحان	N
ب	PREP
ال	DET
توقيف	N
.	PUNCT
اما	PART
كيما	PART
قلت	VBD
ثما	EXT
قانون	N
و	C
لازم	N
يطبق	VBZ
و	C
الا	C
تدخل	VBZ
بعض	N
ها	PRO
و	C
ما	NEG
عاد	VBD
ش	NEG
منتدى	N
**	PUNCT
تحديد	N
ال	DET
رواتب	N
و	C
ال	DET
اجور	N
ل	PREP
لاعبين	N
و	C
ال	DET
فنانين	N
.	PUNCT
ان	PART
شاء	VBD
الله	N
من	PREP
بركت	N
و	PRO
!	PUNCT
ناس	N
تتفزع	VBZ
ك	PRO
ب	PREP
لغة	N
فولتار	N
.	PUNCT
قال	VBD
:	PUNCT
بعد	N
دخول	N
شهر	N
ذي	PART
ال	DET
حجة	N
ل	PREP
سنة	N
88	PUNCT
,	PUNCT
سمع	VBD
ال	N
ناس	N
ضجة	N
عظيمة	ADJ
و	C
دويا	N
من	PREP
كرا	N
يشب	VBZ
ه	PRO
دو	N
ي	PRO
ال	DET
ابواق	N
الا	C
ان	PART
ه	PRO
اشد	ADJ
من	PREP
ها	PRO
و	C
اكثر	ADJ
شناعة	N
.	PUNCT
يظهر	VBZ
ل	PREP
ي	PRO
ماشي	N
يستقبل	VBZ
في	PREP
و	C
فد	N
من	PREP
ال	DET
وفود	N
.	PUNCT
من	PREP
حين	N
و	PRO
يجري	VBZ
هاك	DEM
ال	DET
حاجب	N
ل	PREP
ل	DET
قاعة	N
متاع	GEN
ال	DET
احتفالات	N
.	PUNCT
و	C
حتى	N
كاس	N
ال	DET
ماء	N
من	PREP
فوق	N
ال	DET
طاولة	N
لم	NEG
يسلما	VBZ
.	PUNCT
و	C
منتدى	N
ال	DET
شعب	N
مع	PREP
كم	PRO
.	PUNCT
بعد	N
مايسجل	N
هدف	N
.	PUNCT
و	C
فضايح	N
ال	DET
كورة	N
.	PUNCT
هكة	ADV
ال	DET
دنيا	N
و	C
لات	VBD
تمشي	VBZ
ب	PREP
ال	DET
مقلوب	N
.	PUNCT
و	C
من	PREP
مخ	N
نا	PRO
ننساوو	VBZ
ه	PRO
.	PUNCT
و	C
في	PREP
سوق	N
ال	DET
صوف	N
الي	REL
كان	VBD
و	PRO
يجيو	VBZ
ه	PRO
من	PREP
كل	N
مكان	N
.	PUNCT
ابطات	VBD
ال	DET
حكاية	N
شوية	ADV
.	PUNCT
ال	DET
حر	N
و	C
ال	DET
محب	N
ل	PREP
ل	DET
انسان	N
.	PUNCT
تحرمو	VBZ
ه	PRO
و	C
تتجاهلو	VBZ
ه	PRO
.	PUNCT
نحن	PRO
ال	DET
نقطة	N
و	C
ال	DET
محيط	N
هو	PRO
ذلك	DEM
ال	DET
كون	N
ال	DET
عظيم	ADJ
!	PUNCT
وين	INTEROG
كنت	VBD
؟	PUNCT
وصلنا	VBD
ل	PREP
ل	DET
دار	N
متاع	GEN
ال	DET
فرح	N
و	C
ما	NEG
لقينا	VBD
حتى	N
علامة	N
متاع	GEN
فما	EXT
راهو	EMPH
فرح	N
في	PREP
ال	DET
دار	N
هاذيكا	DET
،	PUNCT
كون	VBD
شي	NEG
علي	PREP
نا	PRO
دخلنا	VBD
(	PUNCT
ب	PREP
عيد	N
ال	DET
شر	N
علي	PREP
كم	PRO
)	PUNCT
ل	PREP
دار	N
ميت	N
،	PUNCT
ال	DET
عباد	N
مصففة	ADJ
ال	DET
كراسي	N
كون	VBD
شي	NEG
علي	PREP
هم	PRO
في	PREP
سطاد	N
ال	DET
منزه	N
،	PUNCT
ال	DET
رجال	N
قاعدين	ADJ
في	PREP
شيرة	N
و	C
حد	N
هم	PRO
و	C
ال	DET
نساء	N
كذالك	PART
في	PREP
شيرة	N
اخرى	N
،	PUNCT
ما	NEG
فماش	PART
لا	NEG
شطيح	N
،	PUNCT
لا	NEG
زهو	N
و	C
لا	NEG
طرب	N
.	PUNCT
بوحميد	N
:	PUNCT
ملا	PART
مصايب	N
عايشة	ADJ
على	PREP
ال	DET
ارض	N
!	PUNCT
نعطي	VBZ
ك	PRO
ال	DET
صحيح	N
خو	N
يا	PRO
مسطور	N
.	PUNCT
اما	N
وين	INTEROG
ي	PRO
ال	DET
فلوس	N
&	PUNCT
amp	FW
;	PUNCT
quot	FW
;	PUNCT
&	PUNCT
amp	FW
;	PUNCT
quot	FW
;	PUNCT
نمشي	VBZ
نجيب	VBZ
ال	DET
كرهبة	N
&	PUNCT
amp	FW
;	PUNCT
quot	FW
;	PUNCT
&	PUNCT
amp	FW
;	PUNCT
quot	FW
;	PUNCT
ناخو	VBZ
حتى	N
عزوزة	N
اطا	N
و	PRO
تريقل	VBZ
ل	PREP
ي	PRO
اوراق	N
ي	PRO
&	PUNCT
amp	FW
;	PUNCT
quot	FW
;.	PUNCT
و	C
عمر	N
ي	PRO
ما	NEG
سمعت	VBD
:	PUNCT
اللي	REL
يجي	VBZ
يخطب	VBZ
يعطيو	VBZ
ه	PRO
طريح	N
ه	PRO
.	PUNCT
ال	DET
صوف	N
و	C
يا	PART
عين	N
ي	PRO
على	PREP
ال	DET
صوف	N
.	PUNCT
يستوي	VBZ
ها	PRO
و	C
ينظم	VBZ
ها	PRO
.	PUNCT
و	C
نورمال	ADJ
.	PUNCT
و	C
تلقى	VBZ
زادة	ADV
مسابقات	N
ل	PREP
مطالعة	N
اكبر	ADJ
عدد	N
ممكن	N
من	PREP
ال	DET
كتب	N
,	PUNCT
و	C
جمعيات	N
و	C
نوادي	N
ل	PREP
ل	DET
تشجيع	N
على	PREP
ال	DET
مطالعة	N
و	C
تحفيز	N
ال	DET
قراء	N
.	PUNCT
كيما	PART
ال	DET
زوز	N
مواقع	N
هاذم	DET
:(	PUNCT
ال	DET
موقع	N
هذا	DEM
و	C
ال	DET
موقع	N
هذا	DET
)	PUNCT
اللي	REL
حطو	VBD
رهان	N
هو	PRO
قراءة	N
88	PUNCT
كتاب	N
في	PREP
ال	DET
عام	N
(	PUNCT
اي	PART
تقريبا	ADV
كتاب	N
في	PREP
ال	DET
اسبوع	N
)	PUNCT
.	PUNCT
و	C
فمة	EXT
برشة	ADJ
عباد	N
حققوا	VBD
ال	DET
انجاز	N
و	C
فمة	EXT
شكون	REL
ما	NEG
خلطت	VBD
ش	NEG
لكن	C
و	PRO
حسب	N
ال	DET
تعليقات	N
&	PUNCT
quot	FW
;	PUNCT
فرحان	N
&	PUNCT
quot	FW
;	PUNCT
لان	PART
و	PRO
في	PREP
نهاية	N
ال	DET
امر	N
قاعد	ADJ
يطالع	VBZ
.	PUNCT
حاصيل	VBD
و	PRO
درجين	N
و	C
الا	C
ربع	ADJ
ساعة	N
و	C
هوما	PRO
داروا	VBD
ع	PREP
ال	DET
حوض	N
و	C
الي	REL
في	PREP
ه	PRO
.	PUNCT
تراث	N
ثقافي	ADJ
متاع	GEN
احساس	N
ب	PREP
ال	DET
حيف	N
و	C
ال	DET
ظلم	N
و	C
ال	DET
اهمال	N
.	PUNCT
و	C
ال	DET
جماعة	N
يصبروا	VBZ
في	PREP
نا	PRO
و	C
ينسيوا	VBZ
في	PREP
نا	PRO
و	C
فسخ	VBD
و	C
عاود	VBD
من	PREP
جديد	N
.	PUNCT
اما	PART
من	PREP
خرج	N
من	PREP
جهنم	N
ال	DET
انتظار	N
ال	DET
طويل	ADJ
ب	PREP
كيس	N
بلاستيكي	ADJ
صغير	ADJ
ف	C
قد	PART
دل	N
على	PREP
وضاعة	N
مقدرت	N
ه	PRO
ال	DET
شراءية	ADJ
و	C
انتماء	N
ه	PRO
الى	PREP
ال	DET
فءة	N
ال	DET
عريضة	ADJ
من	PREP
ال	DET
ناس	N
.	PUNCT
اكيد	ADV
كيف	PART
يرجع	VBZ
ال	DET
حداد	N
باش	PART
يعاون	VBZ
ك	PRO
علي	PREP
حل	N
مشكل	N
وسط	N
ال	DET
ميدان	N
.	PUNCT
او	C
انقرضوا	VBD
من	PREP
ال	DET
كرة	N
ب	PREP
تاتا	N
.	PUNCT
و	C
انا	PRO
حاسس	ADJ
الي	REL
ارشيف	N
نا	
ال	DET
عزيز	ADJ
يعاني	VBZ
شوية	ADV
.	PUNCT
تطعموا	VBZ
.	PUNCT
يقعد	VBZ
ال	DET
مجتمع	N
في	PREP
حالة	N
عملت	VBD
نا	PRO
ال	DET
عارخاتر	N
ترى	VBZ
في	PREP
ها	PRO
تشجيع	N
على	PREP
ال	DET
خلاعة	N
و	C
ال	DET
حرية	N
و	C
افساد	ADJ
ال	DET
شبيبة	N
رغم	N
ل	PREP
ي	PRO
جاين	ADJ
بش	PART
يحميو	VBZ
هم	PRO
.	PUNCT
هاهي	EMPH
حلت	VBD
ال	DET
موسيقى	N
ب	PREP
ال	DET
قوي	N
.	PUNCT
ايحط	VBD
صبع	N
و	PRO
في	PREP
فم	N
و	PRO
.	PUNCT
موش	NEG
ال	DET
دولة	N
غنية	ADJ
و	C
الا	C
فقيرة	ADJ
اما	C
ال	DET
عباد	N
اللي	REL
ما	NEG
تلقا	VBZ
ش	NEG
ال	DET
حد	N
ال	DET
ادنى	ADJ
من	PREP
مقومات	N
ال	DET
عيش	N
.	PUNCT
ال	DET
تطرف	N
ال	DET
غربي	ADJ
و	C
ال	DET
اوروبي	ADJ
في	PREP
ال	DET
عالم	N
ولا	VBD
مستفحل	ADJ
ب	PREP
شدة	N
.	PUNCT